# Atlas v0 known path (VIDE-01, docs/spec/COMPILE.md "The v0 path"): a genuine 25 s zoom
# at 30 fps into the period-764 minibrot (nucleus by Newton at 320 digits, written to
# 100 decimal places; size ~4e-50) that sits ~1.7e-25 from the Misiurewicz point
# M(24,2) = -0.74329189085243020293162432597251... + 0.13124055230879760477084590658147...i
# in seahorse valley. One exact centre, constant zoom rate, width 4 to 2e-49.
# Regenerate (non-comment lines identical):
# fd path zoom --re -0.7432918908524302029316241585089040394625440130877230883413356446722846985935655895273743988748934502 --im 0.1312405523087976047708458738159648480193742492666251343726688732491323053181613282916110110463622922 --from 4 --to 2e-49 --seconds 25 --fps 30 --rotation 0
# 750 frames, 1.974674 decades/s
# re im width [rotation]
-0.7432918908524302029316241585089040394625440130877230883413356446722846985935655895273743988748934502 0.1312405523087976047708458738159648480193742492666251343726688732491323053181613282916110110463622922 4e0
-0.7432918908524302029316241585089040394625440130877230883413356446722846985935655895273743988748934502 0.1312405523087976047708458738159648480193742492666251343726688732491323053181613282916110110463622922 3.43746e0
-0.7432918908524302029316241585089040394625440130877230883413356446722846985935655895273743988748934502 0.1312405523087976047708458738159648480193742492666251343726688732491323053181613282916110110463622922 2.95403e0
-0.7432918908524302029316241585089040394625440130877230883413356446722846985935655895273743988748934502 0.1312405523087976047708458738159648480193742492666251343726688732491323053181613282916110110463622922 2.53859e0
-0.7432918908524302029316241585089040394625440130877230883413356446722846985935655895273743988748934502 0.1312405523087976047708458738159648480193742492666251343726688732491323053181613282916110110463622922 2.18157e0
-0.7432918908524302029316241585089040394625440130877230883413356446722846985935655895273743988748934502 0.1312405523087976047708458738159648480193742492666251343726688732491323053181613282916110110463622922 1.87477e0
-0.7432918908524302029316241585089040394625440130877230883413356446722846985935655895273743988748934502 0.1312405523087976047708458738159648480193742492666251343726688732491323053181613282916110110463622922 1.61111e0
-0.7432918908524302029316241585089040394625440130877230883413356446722846985935655895273743988748934502 0.1312405523087976047708458738159648480193742492666251343726688732491323053181613282916110110463622922 1.38453e0
-0.7432918908524302029316241585089040394625440130877230883413356446722846985935655895273743988748934502 0.1312405523087976047708458738159648480193742492666251343726688732491323053181613282916110110463622922 1.18982e0
-0.7432918908524302029316241585089040394625440130877230883413356446722846985935655895273743988748934502 0.1312405523087976047708458738159648480193742492666251343726688732491323053181613282916110110463622922 1.02249e0
-0.7432918908524302029316241585089040394625440130877230883413356446722846985935655895273743988748934502 0.1312405523087976047708458738159648480193742492666251343726688732491323053181613282916110110463622922 8.78689e-1
-0.7432918908524302029316241585089040394625440130877230883413356446722846985935655895273743988748934502 0.1312405523087976047708458738159648480193742492666251343726688732491323053181613282916110110463622922 7.55115e-1
-0.7432918908524302029316241585089040394625440130877230883413356446722846985935655895273743988748934502 0.1312405523087976047708458738159648480193742492666251343726688732491323053181613282916110110463622922 6.48919e-1
-0.7432918908524302029316241585089040394625440130877230883413356446722846985935655895273743988748934502 0.1312405523087976047708458738159648480193742492666251343726688732491323053181613282916110110463622922 5.57658e-1
-0.7432918908524302029316241585089040394625440130877230883413356446722846985935655895273743988748934502 0.1312405523087976047708458738159648480193742492666251343726688732491323053181613282916110110463622922 4.79232e-1
-0.7432918908524302029316241585089040394625440130877230883413356446722846985935655895273743988748934502 0.1312405523087976047708458738159648480193742492666251343726688732491323053181613282916110110463622922 4.11835e-1
-0.7432918908524302029316241585089040394625440130877230883413356446722846985935655895273743988748934502 0.1312405523087976047708458738159648480193742492666251343726688732491323053181613282916110110463622922 3.53916e-1
-0.7432918908524302029316241585089040394625440130877230883413356446722846985935655895273743988748934502 0.1312405523087976047708458738159648480193742492666251343726688732491323053181613282916110110463622922 3.04143e-1
-0.7432918908524302029316241585089040394625440130877230883413356446722846985935655895273743988748934502 0.1312405523087976047708458738159648480193742492666251343726688732491323053181613282916110110463622922 2.6137e-1
-0.7432918908524302029316241585089040394625440130877230883413356446722846985935655895273743988748934502 0.1312405523087976047708458738159648480193742492666251343726688732491323053181613282916110110463622922 2.24612e-1
-0.7432918908524302029316241585089040394625440130877230883413356446722846985935655895273743988748934502 0.1312405523087976047708458738159648480193742492666251343726688732491323053181613282916110110463622922 1.93024e-1
-0.7432918908524302029316241585089040394625440130877230883413356446722846985935655895273743988748934502 0.1312405523087976047708458738159648480193742492666251343726688732491323053181613282916110110463622922 1.65878e-1
-0.7432918908524302029316241585089040394625440130877230883413356446722846985935655895273743988748934502 0.1312405523087976047708458738159648480193742492666251343726688732491323053181613282916110110463622922 1.42549e-1
-0.7432918908524302029316241585089040394625440130877230883413356446722846985935655895273743988748934502 0.1312405523087976047708458738159648480193742492666251343726688732491323053181613282916110110463622922 1.22502e-1
-0.7432918908524302029316241585089040394625440130877230883413356446722846985935655895273743988748934502 0.1312405523087976047708458738159648480193742492666251343726688732491323053181613282916110110463622922 1.05274e-1
-0.7432918908524302029316241585089040394625440130877230883413356446722846985935655895273743988748934502 0.1312405523087976047708458738159648480193742492666251343726688732491323053181613282916110110463622922 9.04687e-2
-0.7432918908524302029316241585089040394625440130877230883413356446722846985935655895273743988748934502 0.1312405523087976047708458738159648480193742492666251343726688732491323053181613282916110110463622922 7.77456e-2
-0.7432918908524302029316241585089040394625440130877230883413356446722846985935655895273743988748934502 0.1312405523087976047708458738159648480193742492666251343726688732491323053181613282916110110463622922 6.68118e-2
-0.7432918908524302029316241585089040394625440130877230883413356446722846985935655895273743988748934502 0.1312405523087976047708458738159648480193742492666251343726688732491323053181613282916110110463622922 5.74157e-2
-0.7432918908524302029316241585089040394625440130877230883413356446722846985935655895273743988748934502 0.1312405523087976047708458738159648480193742492666251343726688732491323053181613282916110110463622922 4.9341e-2
-0.7432918908524302029316241585089040394625440130877230883413356446722846985935655895273743988748934502 0.1312405523087976047708458738159648480193742492666251343726688732491323053181613282916110110463622922 4.2402e-2
-0.7432918908524302029316241585089040394625440130877230883413356446722846985935655895273743988748934502 0.1312405523087976047708458738159648480193742492666251343726688732491323053181613282916110110463622922 3.64387e-2
-0.7432918908524302029316241585089040394625440130877230883413356446722846985935655895273743988748934502 0.1312405523087976047708458738159648480193742492666251343726688732491323053181613282916110110463622922 3.13142e-2
-0.7432918908524302029316241585089040394625440130877230883413356446722846985935655895273743988748934502 0.1312405523087976047708458738159648480193742492666251343726688732491323053181613282916110110463622922 2.69103e-2
-0.7432918908524302029316241585089040394625440130877230883413356446722846985935655895273743988748934502 0.1312405523087976047708458738159648480193742492666251343726688732491323053181613282916110110463622922 2.31258e-2
-0.7432918908524302029316241585089040394625440130877230883413356446722846985935655895273743988748934502 0.1312405523087976047708458738159648480193742492666251343726688732491323053181613282916110110463622922 1.98735e-2
-0.7432918908524302029316241585089040394625440130877230883413356446722846985935655895273743988748934502 0.1312405523087976047708458738159648480193742492666251343726688732491323053181613282916110110463622922 1.70786e-2
-0.7432918908524302029316241585089040394625440130877230883413356446722846985935655895273743988748934502 0.1312405523087976047708458738159648480193742492666251343726688732491323053181613282916110110463622922 1.46767e-2
-0.7432918908524302029316241585089040394625440130877230883413356446722846985935655895273743988748934502 0.1312405523087976047708458738159648480193742492666251343726688732491323053181613282916110110463622922 1.26126e-2
-0.7432918908524302029316241585089040394625440130877230883413356446722846985935655895273743988748934502 0.1312405523087976047708458738159648480193742492666251343726688732491323053181613282916110110463622922 1.08389e-2
-0.7432918908524302029316241585089040394625440130877230883413356446722846985935655895273743988748934502 0.1312405523087976047708458738159648480193742492666251343726688732491323053181613282916110110463622922 9.31454e-3
-0.7432918908524302029316241585089040394625440130877230883413356446722846985935655895273743988748934502 0.1312405523087976047708458738159648480193742492666251343726688732491323053181613282916110110463622922 8.00458e-3
-0.7432918908524302029316241585089040394625440130877230883413356446722846985935655895273743988748934502 0.1312405523087976047708458738159648480193742492666251343726688732491323053181613282916110110463622922 6.87886e-3
-0.7432918908524302029316241585089040394625440130877230883413356446722846985935655895273743988748934502 0.1312405523087976047708458738159648480193742492666251343726688732491323053181613282916110110463622922 5.91145e-3
-0.7432918908524302029316241585089040394625440130877230883413356446722846985935655895273743988748934502 0.1312405523087976047708458738159648480193742492666251343726688732491323053181613282916110110463622922 5.08009e-3
-0.7432918908524302029316241585089040394625440130877230883413356446722846985935655895273743988748934502 0.1312405523087976047708458738159648480193742492666251343726688732491323053181613282916110110463622922 4.36565e-3
-0.7432918908524302029316241585089040394625440130877230883413356446722846985935655895273743988748934502 0.1312405523087976047708458738159648480193742492666251343726688732491323053181613282916110110463622922 3.75169e-3
-0.7432918908524302029316241585089040394625440130877230883413356446722846985935655895273743988748934502 0.1312405523087976047708458738159648480193742492666251343726688732491323053181613282916110110463622922 3.22407e-3
-0.7432918908524302029316241585089040394625440130877230883413356446722846985935655895273743988748934502 0.1312405523087976047708458738159648480193742492666251343726688732491323053181613282916110110463622922 2.77065e-3
-0.7432918908524302029316241585089040394625440130877230883413356446722846985935655895273743988748934502 0.1312405523087976047708458738159648480193742492666251343726688732491323053181613282916110110463622922 2.381e-3
-0.7432918908524302029316241585089040394625440130877230883413356446722846985935655895273743988748934502 0.1312405523087976047708458738159648480193742492666251343726688732491323053181613282916110110463622922 2.04615e-3
-0.7432918908524302029316241585089040394625440130877230883413356446722846985935655895273743988748934502 0.1312405523087976047708458738159648480193742492666251343726688732491323053181613282916110110463622922 1.75839e-3
-0.7432918908524302029316241585089040394625440130877230883413356446722846985935655895273743988748934502 0.1312405523087976047708458738159648480193742492666251343726688732491323053181613282916110110463622922 1.51109e-3
-0.7432918908524302029316241585089040394625440130877230883413356446722846985935655895273743988748934502 0.1312405523087976047708458738159648480193742492666251343726688732491323053181613282916110110463622922 1.29858e-3
-0.7432918908524302029316241585089040394625440130877230883413356446722846985935655895273743988748934502 0.1312405523087976047708458738159648480193742492666251343726688732491323053181613282916110110463622922 1.11595e-3
-0.7432918908524302029316241585089040394625440130877230883413356446722846985935655895273743988748934502 0.1312405523087976047708458738159648480193742492666251343726688732491323053181613282916110110463622922 9.59012e-4
-0.7432918908524302029316241585089040394625440130877230883413356446722846985935655895273743988748934502 0.1312405523087976047708458738159648480193742492666251343726688732491323053181613282916110110463622922 8.24141e-4
-0.7432918908524302029316241585089040394625440130877230883413356446722846985935655895273743988748934502 0.1312405523087976047708458738159648480193742492666251343726688732491323053181613282916110110463622922 7.08238e-4
-0.7432918908524302029316241585089040394625440130877230883413356446722846985935655895273743988748934502 0.1312405523087976047708458738159648480193742492666251343726688732491323053181613282916110110463622922 6.08635e-4
-0.7432918908524302029316241585089040394625440130877230883413356446722846985935655895273743988748934502 0.1312405523087976047708458738159648480193742492666251343726688732491323053181613282916110110463622922 5.23039e-4
-0.7432918908524302029316241585089040394625440130877230883413356446722846985935655895273743988748934502 0.1312405523087976047708458738159648480193742492666251343726688732491323053181613282916110110463622922 4.49481e-4
-0.7432918908524302029316241585089040394625440130877230883413356446722846985935655895273743988748934502 0.1312405523087976047708458738159648480193742492666251343726688732491323053181613282916110110463622922 3.86269e-4
-0.7432918908524302029316241585089040394625440130877230883413356446722846985935655895273743988748934502 0.1312405523087976047708458738159648480193742492666251343726688732491323053181613282916110110463622922 3.31946e-4
-0.7432918908524302029316241585089040394625440130877230883413356446722846985935655895273743988748934502 0.1312405523087976047708458738159648480193742492666251343726688732491323053181613282916110110463622922 2.85262e-4
-0.7432918908524302029316241585089040394625440130877230883413356446722846985935655895273743988748934502 0.1312405523087976047708458738159648480193742492666251343726688732491323053181613282916110110463622922 2.45144e-4
-0.7432918908524302029316241585089040394625440130877230883413356446722846985935655895273743988748934502 0.1312405523087976047708458738159648480193742492666251343726688732491323053181613282916110110463622922 2.10668e-4
-0.7432918908524302029316241585089040394625440130877230883413356446722846985935655895273743988748934502 0.1312405523087976047708458738159648480193742492666251343726688732491323053181613282916110110463622922 1.81041e-4
-0.7432918908524302029316241585089040394625440130877230883413356446722846985935655895273743988748934502 0.1312405523087976047708458738159648480193742492666251343726688732491323053181613282916110110463622922 1.5558e-4
-0.7432918908524302029316241585089040394625440130877230883413356446722846985935655895273743988748934502 0.1312405523087976047708458738159648480193742492666251343726688732491323053181613282916110110463622922 1.337e-4
-0.7432918908524302029316241585089040394625440130877230883413356446722846985935655895273743988748934502 0.1312405523087976047708458738159648480193742492666251343726688732491323053181613282916110110463622922 1.14897e-4
-0.7432918908524302029316241585089040394625440130877230883413356446722846985935655895273743988748934502 0.1312405523087976047708458738159648480193742492666251343726688732491323053181613282916110110463622922 9.87386e-5
-0.7432918908524302029316241585089040394625440130877230883413356446722846985935655895273743988748934502 0.1312405523087976047708458738159648480193742492666251343726688732491323053181613282916110110463622922 8.48525e-5
-0.7432918908524302029316241585089040394625440130877230883413356446722846985935655895273743988748934502 0.1312405523087976047708458738159648480193742492666251343726688732491323053181613282916110110463622922 7.29192e-5
-0.7432918908524302029316241585089040394625440130877230883413356446722846985935655895273743988748934502 0.1312405523087976047708458738159648480193742492666251343726688732491323053181613282916110110463622922 6.26642e-5
-0.7432918908524302029316241585089040394625440130877230883413356446722846985935655895273743988748934502 0.1312405523087976047708458738159648480193742492666251343726688732491323053181613282916110110463622922 5.38514e-5
-0.7432918908524302029316241585089040394625440130877230883413356446722846985935655895273743988748934502 0.1312405523087976047708458738159648480193742492666251343726688732491323053181613282916110110463622922 4.6278e-5
-0.7432918908524302029316241585089040394625440130877230883413356446722846985935655895273743988748934502 0.1312405523087976047708458738159648480193742492666251343726688732491323053181613282916110110463622922 3.97697e-5
-0.7432918908524302029316241585089040394625440130877230883413356446722846985935655895273743988748934502 0.1312405523087976047708458738159648480193742492666251343726688732491323053181613282916110110463622922 3.41767e-5
-0.7432918908524302029316241585089040394625440130877230883413356446722846985935655895273743988748934502 0.1312405523087976047708458738159648480193742492666251343726688732491323053181613282916110110463622922 2.93702e-5
-0.7432918908524302029316241585089040394625440130877230883413356446722846985935655895273743988748934502 0.1312405523087976047708458738159648480193742492666251343726688732491323053181613282916110110463622922 2.52397e-5
-0.7432918908524302029316241585089040394625440130877230883413356446722846985935655895273743988748934502 0.1312405523087976047708458738159648480193742492666251343726688732491323053181613282916110110463622922 2.16901e-5
-0.7432918908524302029316241585089040394625440130877230883413356446722846985935655895273743988748934502 0.1312405523087976047708458738159648480193742492666251343726688732491323053181613282916110110463622922 1.86397e-5
-0.7432918908524302029316241585089040394625440130877230883413356446722846985935655895273743988748934502 0.1312405523087976047708458738159648480193742492666251343726688732491323053181613282916110110463622922 1.60183e-5
-0.7432918908524302029316241585089040394625440130877230883413356446722846985935655895273743988748934502 0.1312405523087976047708458738159648480193742492666251343726688732491323053181613282916110110463622922 1.37656e-5
-0.7432918908524302029316241585089040394625440130877230883413356446722846985935655895273743988748934502 0.1312405523087976047708458738159648480193742492666251343726688732491323053181613282916110110463622922 1.18297e-5
-0.7432918908524302029316241585089040394625440130877230883413356446722846985935655895273743988748934502 0.1312405523087976047708458738159648480193742492666251343726688732491323053181613282916110110463622922 1.0166e-5
-0.7432918908524302029316241585089040394625440130877230883413356446722846985935655895273743988748934502 0.1312405523087976047708458738159648480193742492666251343726688732491323053181613282916110110463622922 8.7363e-6
-0.7432918908524302029316241585089040394625440130877230883413356446722846985935655895273743988748934502 0.1312405523087976047708458738159648480193742492666251343726688732491323053181613282916110110463622922 7.50767e-6
-0.7432918908524302029316241585089040394625440130877230883413356446722846985935655895273743988748934502 0.1312405523087976047708458738159648480193742492666251343726688732491323053181613282916110110463622922 6.45183e-6
-0.7432918908524302029316241585089040394625440130877230883413356446722846985935655895273743988748934502 0.1312405523087976047708458738159648480193742492666251343726688732491323053181613282916110110463622922 5.54447e-6
-0.7432918908524302029316241585089040394625440130877230883413356446722846985935655895273743988748934502 0.1312405523087976047708458738159648480193742492666251343726688732491323053181613282916110110463622922 4.76472e-6
-0.7432918908524302029316241585089040394625440130877230883413356446722846985935655895273743988748934502 0.1312405523087976047708458738159648480193742492666251343726688732491323053181613282916110110463622922 4.09464e-6
-0.7432918908524302029316241585089040394625440130877230883413356446722846985935655895273743988748934502 0.1312405523087976047708458738159648480193742492666251343726688732491323053181613282916110110463622922 3.51879e-6
-0.7432918908524302029316241585089040394625440130877230883413356446722846985935655895273743988748934502 0.1312405523087976047708458738159648480193742492666251343726688732491323053181613282916110110463622922 3.02392e-6
-0.7432918908524302029316241585089040394625440130877230883413356446722846985935655895273743988748934502 0.1312405523087976047708458738159648480193742492666251343726688732491323053181613282916110110463622922 2.59865e-6
-0.7432918908524302029316241585089040394625440130877230883413356446722846985935655895273743988748934502 0.1312405523087976047708458738159648480193742492666251343726688732491323053181613282916110110463622922 2.23319e-6
-0.7432918908524302029316241585089040394625440130877230883413356446722846985935655895273743988748934502 0.1312405523087976047708458738159648480193742492666251343726688732491323053181613282916110110463622922 1.91912e-6
-0.7432918908524302029316241585089040394625440130877230883413356446722846985935655895273743988748934502 0.1312405523087976047708458738159648480193742492666251343726688732491323053181613282916110110463622922 1.64923e-6
-0.7432918908524302029316241585089040394625440130877230883413356446722846985935655895273743988748934502 0.1312405523087976047708458738159648480193742492666251343726688732491323053181613282916110110463622922 1.41729e-6
-0.7432918908524302029316241585089040394625440130877230883413356446722846985935655895273743988748934502 0.1312405523087976047708458738159648480193742492666251343726688732491323053181613282916110110463622922 1.21797e-6
-0.7432918908524302029316241585089040394625440130877230883413356446722846985935655895273743988748934502 0.1312405523087976047708458738159648480193742492666251343726688732491323053181613282916110110463622922 1.04668e-6
-0.7432918908524302029316241585089040394625440130877230883413356446722846985935655895273743988748934502 0.1312405523087976047708458738159648480193742492666251343726688732491323053181613282916110110463622922 8.99478e-7
-0.7432918908524302029316241585089040394625440130877230883413356446722846985935655895273743988748934502 0.1312405523087976047708458738159648480193742492666251343726688732491323053181613282916110110463622922 7.7298e-7
-0.7432918908524302029316241585089040394625440130877230883413356446722846985935655895273743988748934502 0.1312405523087976047708458738159648480193742492666251343726688732491323053181613282916110110463622922 6.64271e-7
-0.7432918908524302029316241585089040394625440130877230883413356446722846985935655895273743988748934502 0.1312405523087976047708458738159648480193742492666251343726688732491323053181613282916110110463622922 5.70851e-7
-0.7432918908524302029316241585089040394625440130877230883413356446722846985935655895273743988748934502 0.1312405523087976047708458738159648480193742492666251343726688732491323053181613282916110110463622922 4.9057e-7
-0.7432918908524302029316241585089040394625440130877230883413356446722846985935655895273743988748934502 0.1312405523087976047708458738159648480193742492666251343726688732491323053181613282916110110463622922 4.21578e-7
-0.7432918908524302029316241585089040394625440130877230883413356446722846985935655895273743988748934502 0.1312405523087976047708458738159648480193742492666251343726688732491323053181613282916110110463622922 3.62289e-7
-0.7432918908524302029316241585089040394625440130877230883413356446722846985935655895273743988748934502 0.1312405523087976047708458738159648480193742492666251343726688732491323053181613282916110110463622922 3.11339e-7
-0.7432918908524302029316241585089040394625440130877230883413356446722846985935655895273743988748934502 0.1312405523087976047708458738159648480193742492666251343726688732491323053181613282916110110463622922 2.67554e-7
-0.7432918908524302029316241585089040394625440130877230883413356446722846985935655895273743988748934502 0.1312405523087976047708458738159648480193742492666251343726688732491323053181613282916110110463622922 2.29926e-7
-0.7432918908524302029316241585089040394625440130877230883413356446722846985935655895273743988748934502 0.1312405523087976047708458738159648480193742492666251343726688732491323053181613282916110110463622922 1.9759e-7
-0.7432918908524302029316241585089040394625440130877230883413356446722846985935655895273743988748934502 0.1312405523087976047708458738159648480193742492666251343726688732491323053181613282916110110463622922 1.69802e-7
-0.7432918908524302029316241585089040394625440130877230883413356446722846985935655895273743988748934502 0.1312405523087976047708458738159648480193742492666251343726688732491323053181613282916110110463622922 1.45922e-7
-0.7432918908524302029316241585089040394625440130877230883413356446722846985935655895273743988748934502 0.1312405523087976047708458738159648480193742492666251343726688732491323053181613282916110110463622922 1.254e-7
-0.7432918908524302029316241585089040394625440130877230883413356446722846985935655895273743988748934502 0.1312405523087976047708458738159648480193742492666251343726688732491323053181613282916110110463622922 1.07765e-7
-0.7432918908524302029316241585089040394625440130877230883413356446722846985935655895273743988748934502 0.1312405523087976047708458738159648480193742492666251343726688732491323053181613282916110110463622922 9.26091e-8
-0.7432918908524302029316241585089040394625440130877230883413356446722846985935655895273743988748934502 0.1312405523087976047708458738159648480193742492666251343726688732491323053181613282916110110463622922 7.9585e-8
-0.7432918908524302029316241585089040394625440130877230883413356446722846985935655895273743988748934502 0.1312405523087976047708458738159648480193742492666251343726688732491323053181613282916110110463622922 6.83925e-8
-0.7432918908524302029316241585089040394625440130877230883413356446722846985935655895273743988748934502 0.1312405523087976047708458738159648480193742492666251343726688732491323053181613282916110110463622922 5.87741e-8
-0.7432918908524302029316241585089040394625440130877230883413356446722846985935655895273743988748934502 0.1312405523087976047708458738159648480193742492666251343726688732491323053181613282916110110463622922 5.05084e-8
-0.7432918908524302029316241585089040394625440130877230883413356446722846985935655895273743988748934502 0.1312405523087976047708458738159648480193742492666251343726688732491323053181613282916110110463622922 4.34051e-8
-0.7432918908524302029316241585089040394625440130877230883413356446722846985935655895273743988748934502 0.1312405523087976047708458738159648480193742492666251343726688732491323053181613282916110110463622922 3.73008e-8
-0.7432918908524302029316241585089040394625440130877230883413356446722846985935655895273743988748934502 0.1312405523087976047708458738159648480193742492666251343726688732491323053181613282916110110463622922 3.2055e-8
-0.7432918908524302029316241585089040394625440130877230883413356446722846985935655895273743988748934502 0.1312405523087976047708458738159648480193742492666251343726688732491323053181613282916110110463622922 2.7547e-8
-0.7432918908524302029316241585089040394625440130877230883413356446722846985935655895273743988748934502 0.1312405523087976047708458738159648480193742492666251343726688732491323053181613282916110110463622922 2.36729e-8
-0.7432918908524302029316241585089040394625440130877230883413356446722846985935655895273743988748934502 0.1312405523087976047708458738159648480193742492666251343726688732491323053181613282916110110463622922 2.03436e-8
-0.7432918908524302029316241585089040394625440130877230883413356446722846985935655895273743988748934502 0.1312405523087976047708458738159648480193742492666251343726688732491323053181613282916110110463622922 1.74826e-8
-0.7432918908524302029316241585089040394625440130877230883413356446722846985935655895273743988748934502 0.1312405523087976047708458738159648480193742492666251343726688732491323053181613282916110110463622922 1.50239e-8
-0.7432918908524302029316241585089040394625440130877230883413356446722846985935655895273743988748934502 0.1312405523087976047708458738159648480193742492666251343726688732491323053181613282916110110463622922 1.2911e-8
-0.7432918908524302029316241585089040394625440130877230883413356446722846985935655895273743988748934502 0.1312405523087976047708458738159648480193742492666251343726688732491323053181613282916110110463622922 1.10953e-8
-0.7432918908524302029316241585089040394625440130877230883413356446722846985935655895273743988748934502 0.1312405523087976047708458738159648480193742492666251343726688732491323053181613282916110110463622922 9.53491e-9
-0.7432918908524302029316241585089040394625440130877230883413356446722846985935655895273743988748934502 0.1312405523087976047708458738159648480193742492666251343726688732491323053181613282916110110463622922 8.19396e-9
-0.7432918908524302029316241585089040394625440130877230883413356446722846985935655895273743988748934502 0.1312405523087976047708458738159648480193742492666251343726688732491323053181613282916110110463622922 7.0416e-9
-0.7432918908524302029316241585089040394625440130877230883413356446722846985935655895273743988748934502 0.1312405523087976047708458738159648480193742492666251343726688732491323053181613282916110110463622922 6.0513e-9
-0.7432918908524302029316241585089040394625440130877230883413356446722846985935655895273743988748934502 0.1312405523087976047708458738159648480193742492666251343726688732491323053181613282916110110463622922 5.20028e-9
-0.7432918908524302029316241585089040394625440130877230883413356446722846985935655895273743988748934502 0.1312405523087976047708458738159648480193742492666251343726688732491323053181613282916110110463622922 4.46894e-9
-0.7432918908524302029316241585089040394625440130877230883413356446722846985935655895273743988748934502 0.1312405523087976047708458738159648480193742492666251343726688732491323053181613282916110110463622922 3.84045e-9
-0.7432918908524302029316241585089040394625440130877230883413356446722846985935655895273743988748934502 0.1312405523087976047708458738159648480193742492666251343726688732491323053181613282916110110463622922 3.30034e-9
-0.7432918908524302029316241585089040394625440130877230883413356446722846985935655895273743988748934502 0.1312405523087976047708458738159648480193742492666251343726688732491323053181613282916110110463622922 2.8362e-9
-0.7432918908524302029316241585089040394625440130877230883413356446722846985935655895273743988748934502 0.1312405523087976047708458738159648480193742492666251343726688732491323053181613282916110110463622922 2.43733e-9
-0.7432918908524302029316241585089040394625440130877230883413356446722846985935655895273743988748934502 0.1312405523087976047708458738159648480193742492666251343726688732491323053181613282916110110463622922 2.09455e-9
-0.7432918908524302029316241585089040394625440130877230883413356446722846985935655895273743988748934502 0.1312405523087976047708458738159648480193742492666251343726688732491323053181613282916110110463622922 1.79999e-9
-0.7432918908524302029316241585089040394625440130877230883413356446722846985935655895273743988748934502 0.1312405523087976047708458738159648480193742492666251343726688732491323053181613282916110110463622922 1.54684e-9
-0.7432918908524302029316241585089040394625440130877230883413356446722846985935655895273743988748934502 0.1312405523087976047708458738159648480193742492666251343726688732491323053181613282916110110463622922 1.3293e-9
-0.7432918908524302029316241585089040394625440130877230883413356446722846985935655895273743988748934502 0.1312405523087976047708458738159648480193742492666251343726688732491323053181613282916110110463622922 1.14236e-9
-0.7432918908524302029316241585089040394625440130877230883413356446722846985935655895273743988748934502 0.1312405523087976047708458738159648480193742492666251343726688732491323053181613282916110110463622922 9.81701e-10
-0.7432918908524302029316241585089040394625440130877230883413356446722846985935655895273743988748934502 0.1312405523087976047708458738159648480193742492666251343726688732491323053181613282916110110463622922 8.4364e-10
-0.7432918908524302029316241585089040394625440130877230883413356446722846985935655895273743988748934502 0.1312405523087976047708458738159648480193742492666251343726688732491323053181613282916110110463622922 7.24994e-10
-0.7432918908524302029316241585089040394625440130877230883413356446722846985935655895273743988748934502 0.1312405523087976047708458738159648480193742492666251343726688732491323053181613282916110110463622922 6.23034e-10
-0.7432918908524302029316241585089040394625440130877230883413356446722846985935655895273743988748934502 0.1312405523087976047708458738159648480193742492666251343726688732491323053181613282916110110463622922 5.35414e-10
-0.7432918908524302029316241585089040394625440130877230883413356446722846985935655895273743988748934502 0.1312405523087976047708458738159648480193742492666251343726688732491323053181613282916110110463622922 4.60116e-10
-0.7432918908524302029316241585089040394625440130877230883413356446722846985935655895273743988748934502 0.1312405523087976047708458738159648480193742492666251343726688732491323053181613282916110110463622922 3.95407e-10
-0.7432918908524302029316241585089040394625440130877230883413356446722846985935655895273743988748934502 0.1312405523087976047708458738159648480193742492666251343726688732491323053181613282916110110463622922 3.39799e-10
-0.7432918908524302029316241585089040394625440130877230883413356446722846985935655895273743988748934502 0.1312405523087976047708458738159648480193742492666251343726688732491323053181613282916110110463622922 2.92011e-10
-0.7432918908524302029316241585089040394625440130877230883413356446722846985935655895273743988748934502 0.1312405523087976047708458738159648480193742492666251343726688732491323053181613282916110110463622922 2.50944e-10
-0.7432918908524302029316241585089040394625440130877230883413356446722846985935655895273743988748934502 0.1312405523087976047708458738159648480193742492666251343726688732491323053181613282916110110463622922 2.15653e-10
-0.7432918908524302029316241585089040394625440130877230883413356446722846985935655895273743988748934502 0.1312405523087976047708458738159648480193742492666251343726688732491323053181613282916110110463622922 1.85324e-10
-0.7432918908524302029316241585089040394625440130877230883413356446722846985935655895273743988748934502 0.1312405523087976047708458738159648480193742492666251343726688732491323053181613282916110110463622922 1.59261e-10
-0.7432918908524302029316241585089040394625440130877230883413356446722846985935655895273743988748934502 0.1312405523087976047708458738159648480193742492666251343726688732491323053181613282916110110463622922 1.36863e-10
-0.7432918908524302029316241585089040394625440130877230883413356446722846985935655895273743988748934502 0.1312405523087976047708458738159648480193742492666251343726688732491323053181613282916110110463622922 1.17616e-10
-0.7432918908524302029316241585089040394625440130877230883413356446722846985935655895273743988748934502 0.1312405523087976047708458738159648480193742492666251343726688732491323053181613282916110110463622922 1.01075e-10
-0.7432918908524302029316241585089040394625440130877230883413356446722846985935655895273743988748934502 0.1312405523087976047708458738159648480193742492666251343726688732491323053181613282916110110463622922 8.686e-11
-0.7432918908524302029316241585089040394625440130877230883413356446722846985935655895273743988748934502 0.1312405523087976047708458738159648480193742492666251343726688732491323053181613282916110110463622922 7.46444e-11
-0.7432918908524302029316241585089040394625440130877230883413356446722846985935655895273743988748934502 0.1312405523087976047708458738159648480193742492666251343726688732491323053181613282916110110463622922 6.41468e-11
-0.7432918908524302029316241585089040394625440130877230883413356446722846985935655895273743988748934502 0.1312405523087976047708458738159648480193742492666251343726688732491323053181613282916110110463622922 5.51255e-11
-0.7432918908524302029316241585089040394625440130877230883413356446722846985935655895273743988748934502 0.1312405523087976047708458738159648480193742492666251343726688732491323053181613282916110110463622922 4.73729e-11
-0.7432918908524302029316241585089040394625440130877230883413356446722846985935655895273743988748934502 0.1312405523087976047708458738159648480193742492666251343726688732491323053181613282916110110463622922 4.07106e-11
-0.7432918908524302029316241585089040394625440130877230883413356446722846985935655895273743988748934502 0.1312405523087976047708458738159648480193742492666251343726688732491323053181613282916110110463622922 3.49853e-11
-0.7432918908524302029316241585089040394625440130877230883413356446722846985935655895273743988748934502 0.1312405523087976047708458738159648480193742492666251343726688732491323053181613282916110110463622922 3.00651e-11
-0.7432918908524302029316241585089040394625440130877230883413356446722846985935655895273743988748934502 0.1312405523087976047708458738159648480193742492666251343726688732491323053181613282916110110463622922 2.58369e-11
-0.7432918908524302029316241585089040394625440130877230883413356446722846985935655895273743988748934502 0.1312405523087976047708458738159648480193742492666251343726688732491323053181613282916110110463622922 2.22033e-11
-0.7432918908524302029316241585089040394625440130877230883413356446722846985935655895273743988748934502 0.1312405523087976047708458738159648480193742492666251343726688732491323053181613282916110110463622922 1.90807e-11
-0.7432918908524302029316241585089040394625440130877230883413356446722846985935655895273743988748934502 0.1312405523087976047708458738159648480193742492666251343726688732491323053181613282916110110463622922 1.63973e-11
-0.7432918908524302029316241585089040394625440130877230883413356446722846985935655895273743988748934502 0.1312405523087976047708458738159648480193742492666251343726688732491323053181613282916110110463622922 1.40913e-11
-0.7432918908524302029316241585089040394625440130877230883413356446722846985935655895273743988748934502 0.1312405523087976047708458738159648480193742492666251343726688732491323053181613282916110110463622922 1.21095e-11
-0.7432918908524302029316241585089040394625440130877230883413356446722846985935655895273743988748934502 0.1312405523087976047708458738159648480193742492666251343726688732491323053181613282916110110463622922 1.04065e-11
-0.7432918908524302029316241585089040394625440130877230883413356446722846985935655895273743988748934502 0.1312405523087976047708458738159648480193742492666251343726688732491323053181613282916110110463622922 8.94299e-12
-0.7432918908524302029316241585089040394625440130877230883413356446722846985935655895273743988748934502 0.1312405523087976047708458738159648480193742492666251343726688732491323053181613282916110110463622922 7.68529e-12
-0.7432918908524302029316241585089040394625440130877230883413356446722846985935655895273743988748934502 0.1312405523087976047708458738159648480193742492666251343726688732491323053181613282916110110463622922 6.60447e-12
-0.7432918908524302029316241585089040394625440130877230883413356446722846985935655895273743988748934502 0.1312405523087976047708458738159648480193742492666251343726688732491323053181613282916110110463622922 5.67565e-12
-0.7432918908524302029316241585089040394625440130877230883413356446722846985935655895273743988748934502 0.1312405523087976047708458738159648480193742492666251343726688732491323053181613282916110110463622922 4.87745e-12
-0.7432918908524302029316241585089040394625440130877230883413356446722846985935655895273743988748934502 0.1312405523087976047708458738159648480193742492666251343726688732491323053181613282916110110463622922 4.19151e-12
-0.7432918908524302029316241585089040394625440130877230883413356446722846985935655895273743988748934502 0.1312405523087976047708458738159648480193742492666251343726688732491323053181613282916110110463622922 3.60204e-12
-0.7432918908524302029316241585089040394625440130877230883413356446722846985935655895273743988748934502 0.1312405523087976047708458738159648480193742492666251343726688732491323053181613282916110110463622922 3.09546e-12
-0.7432918908524302029316241585089040394625440130877230883413356446722846985935655895273743988748934502 0.1312405523087976047708458738159648480193742492666251343726688732491323053181613282916110110463622922 2.66013e-12
-0.7432918908524302029316241585089040394625440130877230883413356446722846985935655895273743988748934502 0.1312405523087976047708458738159648480193742492666251343726688732491323053181613282916110110463622922 2.28602e-12
-0.7432918908524302029316241585089040394625440130877230883413356446722846985935655895273743988748934502 0.1312405523087976047708458738159648480193742492666251343726688732491323053181613282916110110463622922 1.96453e-12
-0.7432918908524302029316241585089040394625440130877230883413356446722846985935655895273743988748934502 0.1312405523087976047708458738159648480193742492666251343726688732491323053181613282916110110463622922 1.68825e-12
-0.7432918908524302029316241585089040394625440130877230883413356446722846985935655895273743988748934502 0.1312405523087976047708458738159648480193742492666251343726688732491323053181613282916110110463622922 1.45082e-12
-0.7432918908524302029316241585089040394625440130877230883413356446722846985935655895273743988748934502 0.1312405523087976047708458738159648480193742492666251343726688732491323053181613282916110110463622922 1.24678e-12
-0.7432918908524302029316241585089040394625440130877230883413356446722846985935655895273743988748934502 0.1312405523087976047708458738159648480193742492666251343726688732491323053181613282916110110463622922 1.07144e-12
-0.7432918908524302029316241585089040394625440130877230883413356446722846985935655895273743988748934502 0.1312405523087976047708458738159648480193742492666251343726688732491323053181613282916110110463622922 9.20759e-13
-0.7432918908524302029316241585089040394625440130877230883413356446722846985935655895273743988748934502 0.1312405523087976047708458738159648480193742492666251343726688732491323053181613282916110110463622922 7.91267e-13
-0.7432918908524302029316241585089040394625440130877230883413356446722846985935655895273743988748934502 0.1312405523087976047708458738159648480193742492666251343726688732491323053181613282916110110463622922 6.79987e-13
-0.7432918908524302029316241585089040394625440130877230883413356446722846985935655895273743988748934502 0.1312405523087976047708458738159648480193742492666251343726688732491323053181613282916110110463622922 5.84357e-13
-0.7432918908524302029316241585089040394625440130877230883413356446722846985935655895273743988748934502 0.1312405523087976047708458738159648480193742492666251343726688732491323053181613282916110110463622922 5.02176e-13
-0.7432918908524302029316241585089040394625440130877230883413356446722846985935655895273743988748934502 0.1312405523087976047708458738159648480193742492666251343726688732491323053181613282916110110463622922 4.31552e-13
-0.7432918908524302029316241585089040394625440130877230883413356446722846985935655895273743988748934502 0.1312405523087976047708458738159648480193742492666251343726688732491323053181613282916110110463622922 3.70861e-13
-0.7432918908524302029316241585089040394625440130877230883413356446722846985935655895273743988748934502 0.1312405523087976047708458738159648480193742492666251343726688732491323053181613282916110110463622922 3.18705e-13
-0.7432918908524302029316241585089040394625440130877230883413356446722846985935655895273743988748934502 0.1312405523087976047708458738159648480193742492666251343726688732491323053181613282916110110463622922 2.73884e-13
-0.7432918908524302029316241585089040394625440130877230883413356446722846985935655895273743988748934502 0.1312405523087976047708458738159648480193742492666251343726688732491323053181613282916110110463622922 2.35366e-13
-0.7432918908524302029316241585089040394625440130877230883413356446722846985935655895273743988748934502 0.1312405523087976047708458738159648480193742492666251343726688732491323053181613282916110110463622922 2.02265e-13
-0.7432918908524302029316241585089040394625440130877230883413356446722846985935655895273743988748934502 0.1312405523087976047708458738159648480193742492666251343726688732491323053181613282916110110463622922 1.7382e-13
-0.7432918908524302029316241585089040394625440130877230883413356446722846985935655895273743988748934502 0.1312405523087976047708458738159648480193742492666251343726688732491323053181613282916110110463622922 1.49374e-13
-0.7432918908524302029316241585089040394625440130877230883413356446722846985935655895273743988748934502 0.1312405523087976047708458738159648480193742492666251343726688732491323053181613282916110110463622922 1.28367e-13
-0.7432918908524302029316241585089040394625440130877230883413356446722846985935655895273743988748934502 0.1312405523087976047708458738159648480193742492666251343726688732491323053181613282916110110463622922 1.10314e-13
-0.7432918908524302029316241585089040394625440130877230883413356446722846985935655895273743988748934502 0.1312405523087976047708458738159648480193742492666251343726688732491323053181613282916110110463622922 9.48001e-14
-0.7432918908524302029316241585089040394625440130877230883413356446722846985935655895273743988748934502 0.1312405523087976047708458738159648480193742492666251343726688732491323053181613282916110110463622922 8.14678e-14
-0.7432918908524302029316241585089040394625440130877230883413356446722846985935655895273743988748934502 0.1312405523087976047708458738159648480193742492666251343726688732491323053181613282916110110463622922 7.00106e-14
-0.7432918908524302029316241585089040394625440130877230883413356446722846985935655895273743988748934502 0.1312405523087976047708458738159648480193742492666251343726688732491323053181613282916110110463622922 6.01646e-14
-0.7432918908524302029316241585089040394625440130877230883413356446722846985935655895273743988748934502 0.1312405523087976047708458738159648480193742492666251343726688732491323053181613282916110110463622922 5.17034e-14
-0.7432918908524302029316241585089040394625440130877230883413356446722846985935655895273743988748934502 0.1312405523087976047708458738159648480193742492666251343726688732491323053181613282916110110463622922 4.44321e-14
-0.7432918908524302029316241585089040394625440130877230883413356446722846985935655895273743988748934502 0.1312405523087976047708458738159648480193742492666251343726688732491323053181613282916110110463622922 3.81833e-14
-0.7432918908524302029316241585089040394625440130877230883413356446722846985935655895273743988748934502 0.1312405523087976047708458738159648480193742492666251343726688732491323053181613282916110110463622922 3.28134e-14
-0.7432918908524302029316241585089040394625440130877230883413356446722846985935655895273743988748934502 0.1312405523087976047708458738159648480193742492666251343726688732491323053181613282916110110463622922 2.81987e-14
-0.7432918908524302029316241585089040394625440130877230883413356446722846985935655895273743988748934502 0.1312405523087976047708458738159648480193742492666251343726688732491323053181613282916110110463622922 2.4233e-14
-0.7432918908524302029316241585089040394625440130877230883413356446722846985935655895273743988748934502 0.1312405523087976047708458738159648480193742492666251343726688732491323053181613282916110110463622922 2.0825e-14
-0.7432918908524302029316241585089040394625440130877230883413356446722846985935655895273743988748934502 0.1312405523087976047708458738159648480193742492666251343726688732491323053181613282916110110463622922 1.78962e-14
-0.7432918908524302029316241585089040394625440130877230883413356446722846985935655895273743988748934502 0.1312405523087976047708458738159648480193742492666251343726688732491323053181613282916110110463622922 1.53794e-14
-0.7432918908524302029316241585089040394625440130877230883413356446722846985935655895273743988748934502 0.1312405523087976047708458738159648480193742492666251343726688732491323053181613282916110110463622922 1.32165e-14
-0.7432918908524302029316241585089040394625440130877230883413356446722846985935655895273743988748934502 0.1312405523087976047708458738159648480193742492666251343726688732491323053181613282916110110463622922 1.13578e-14
-0.7432918908524302029316241585089040394625440130877230883413356446722846985935655895273743988748934502 0.1312405523087976047708458738159648480193742492666251343726688732491323053181613282916110110463622922 9.76049e-15
-0.7432918908524302029316241585089040394625440130877230883413356446722846985935655895273743988748934502 0.1312405523087976047708458738159648480193742492666251343726688732491323053181613282916110110463622922 8.38782e-15
-0.7432918908524302029316241585089040394625440130877230883413356446722846985935655895273743988748934502 0.1312405523087976047708458738159648480193742492666251343726688732491323053181613282916110110463622922 7.2082e-15
-0.7432918908524302029316241585089040394625440130877230883413356446722846985935655895273743988748934502 0.1312405523087976047708458738159648480193742492666251343726688732491323053181613282916110110463622922 6.19447e-15
-0.7432918908524302029316241585089040394625440130877230883413356446722846985935655895273743988748934502 0.1312405523087976047708458738159648480193742492666251343726688732491323053181613282916110110463622922 5.32331e-15
-0.7432918908524302029316241585089040394625440130877230883413356446722846985935655895273743988748934502 0.1312405523087976047708458738159648480193742492666251343726688732491323053181613282916110110463622922 4.57467e-15
-0.7432918908524302029316241585089040394625440130877230883413356446722846985935655895273743988748934502 0.1312405523087976047708458738159648480193742492666251343726688732491323053181613282916110110463622922 3.93131e-15
-0.7432918908524302029316241585089040394625440130877230883413356446722846985935655895273743988748934502 0.1312405523087976047708458738159648480193742492666251343726688732491323053181613282916110110463622922 3.37843e-15
-0.7432918908524302029316241585089040394625440130877230883413356446722846985935655895273743988748934502 0.1312405523087976047708458738159648480193742492666251343726688732491323053181613282916110110463622922 2.9033e-15
-0.7432918908524302029316241585089040394625440130877230883413356446722846985935655895273743988748934502 0.1312405523087976047708458738159648480193742492666251343726688732491323053181613282916110110463622922 2.49499e-15
-0.7432918908524302029316241585089040394625440130877230883413356446722846985935655895273743988748934502 0.1312405523087976047708458738159648480193742492666251343726688732491323053181613282916110110463622922 2.14411e-15
-0.7432918908524302029316241585089040394625440130877230883413356446722846985935655895273743988748934502 0.1312405523087976047708458738159648480193742492666251343726688732491323053181613282916110110463622922 1.84257e-15
-0.7432918908524302029316241585089040394625440130877230883413356446722846985935655895273743988748934502 0.1312405523087976047708458738159648480193742492666251343726688732491323053181613282916110110463622922 1.58344e-15
-0.7432918908524302029316241585089040394625440130877230883413356446722846985935655895273743988748934502 0.1312405523087976047708458738159648480193742492666251343726688732491323053181613282916110110463622922 1.36075e-15
-0.7432918908524302029316241585089040394625440130877230883413356446722846985935655895273743988748934502 0.1312405523087976047708458738159648480193742492666251343726688732491323053181613282916110110463622922 1.16938e-15
-0.7432918908524302029316241585089040394625440130877230883413356446722846985935655895273743988748934502 0.1312405523087976047708458738159648480193742492666251343726688732491323053181613282916110110463622922 1.00493e-15
-0.7432918908524302029316241585089040394625440130877230883413356446722846985935655895273743988748934502 0.1312405523087976047708458738159648480193742492666251343726688732491323053181613282916110110463622922 8.63599e-16
-0.7432918908524302029316241585089040394625440130877230883413356446722846985935655895273743988748934502 0.1312405523087976047708458738159648480193742492666251343726688732491323053181613282916110110463622922 7.42147e-16
-0.7432918908524302029316241585089040394625440130877230883413356446722846985935655895273743988748934502 0.1312405523087976047708458738159648480193742492666251343726688732491323053181613282916110110463622922 6.37775e-16
-0.7432918908524302029316241585089040394625440130877230883413356446722846985935655895273743988748934502 0.1312405523087976047708458738159648480193742492666251343726688732491323053181613282916110110463622922 5.48081e-16
-0.7432918908524302029316241585089040394625440130877230883413356446722846985935655895273743988748934502 0.1312405523087976047708458738159648480193742492666251343726688732491323053181613282916110110463622922 4.71001e-16
-0.7432918908524302029316241585089040394625440130877230883413356446722846985935655895273743988748934502 0.1312405523087976047708458738159648480193742492666251343726688732491323053181613282916110110463622922 4.04762e-16
-0.7432918908524302029316241585089040394625440130877230883413356446722846985935655895273743988748934502 0.1312405523087976047708458738159648480193742492666251343726688732491323053181613282916110110463622922 3.47838e-16
-0.7432918908524302029316241585089040394625440130877230883413356446722846985935655895273743988748934502 0.1312405523087976047708458738159648480193742492666251343726688732491323053181613282916110110463622922 2.9892e-16
-0.7432918908524302029316241585089040394625440130877230883413356446722846985935655895273743988748934502 0.1312405523087976047708458738159648480193742492666251343726688732491323053181613282916110110463622922 2.56881e-16
-0.7432918908524302029316241585089040394625440130877230883413356446722846985935655895273743988748934502 0.1312405523087976047708458738159648480193742492666251343726688732491323053181613282916110110463622922 2.20755e-16
-0.7432918908524302029316241585089040394625440130877230883413356446722846985935655895273743988748934502 0.1312405523087976047708458738159648480193742492666251343726688732491323053181613282916110110463622922 1.89709e-16
-0.7432918908524302029316241585089040394625440130877230883413356446722846985935655895273743988748934502 0.1312405523087976047708458738159648480193742492666251343726688732491323053181613282916110110463622922 1.63029e-16
-0.7432918908524302029316241585089040394625440130877230883413356446722846985935655895273743988748934502 0.1312405523087976047708458738159648480193742492666251343726688732491323053181613282916110110463622922 1.40101e-16
-0.7432918908524302029316241585089040394625440130877230883413356446722846985935655895273743988748934502 0.1312405523087976047708458738159648480193742492666251343726688732491323053181613282916110110463622922 1.20398e-16
-0.7432918908524302029316241585089040394625440130877230883413356446722846985935655895273743988748934502 0.1312405523087976047708458738159648480193742492666251343726688732491323053181613282916110110463622922 1.03466e-16
-0.7432918908524302029316241585089040394625440130877230883413356446722846985935655895273743988748934502 0.1312405523087976047708458738159648480193742492666251343726688732491323053181613282916110110463622922 8.8915e-17
-0.7432918908524302029316241585089040394625440130877230883413356446722846985935655895273743988748934502 0.1312405523087976047708458738159648480193742492666251343726688732491323053181613282916110110463622922 7.64104e-17
-0.7432918908524302029316241585089040394625440130877230883413356446722846985935655895273743988748934502 0.1312405523087976047708458738159648480193742492666251343726688732491323053181613282916110110463622922 6.56644e-17
-0.7432918908524302029316241585089040394625440130877230883413356446722846985935655895273743988748934502 0.1312405523087976047708458738159648480193742492666251343726688732491323053181613282916110110463622922 5.64297e-17
-0.7432918908524302029316241585089040394625440130877230883413356446722846985935655895273743988748934502 0.1312405523087976047708458738159648480193742492666251343726688732491323053181613282916110110463622922 4.84937e-17
-0.7432918908524302029316241585089040394625440130877230883413356446722846985935655895273743988748934502 0.1312405523087976047708458738159648480193742492666251343726688732491323053181613282916110110463622922 4.16738e-17
-0.7432918908524302029316241585089040394625440130877230883413356446722846985935655895273743988748934502 0.1312405523087976047708458738159648480193742492666251343726688732491323053181613282916110110463622922 3.5813e-17
-0.7432918908524302029316241585089040394625440130877230883413356446722846985935655895273743988748934502 0.1312405523087976047708458738159648480193742492666251343726688732491323053181613282916110110463622922 3.07764e-17
-0.7432918908524302029316241585089040394625440130877230883413356446722846985935655895273743988748934502 0.1312405523087976047708458738159648480193742492666251343726688732491323053181613282916110110463622922 2.64482e-17
-0.7432918908524302029316241585089040394625440130877230883413356446722846985935655895273743988748934502 0.1312405523087976047708458738159648480193742492666251343726688732491323053181613282916110110463622922 2.27286e-17
-0.7432918908524302029316241585089040394625440130877230883413356446722846985935655895273743988748934502 0.1312405523087976047708458738159648480193742492666251343726688732491323053181613282916110110463622922 1.95322e-17
-0.7432918908524302029316241585089040394625440130877230883413356446722846985935655895273743988748934502 0.1312405523087976047708458738159648480193742492666251343726688732491323053181613282916110110463622922 1.67853e-17
-0.7432918908524302029316241585089040394625440130877230883413356446722846985935655895273743988748934502 0.1312405523087976047708458738159648480193742492666251343726688732491323053181613282916110110463622922 1.44247e-17
-0.7432918908524302029316241585089040394625440130877230883413356446722846985935655895273743988748934502 0.1312405523087976047708458738159648480193742492666251343726688732491323053181613282916110110463622922 1.2396e-17
-0.7432918908524302029316241585089040394625440130877230883413356446722846985935655895273743988748934502 0.1312405523087976047708458738159648480193742492666251343726688732491323053181613282916110110463622922 1.06527e-17
-0.7432918908524302029316241585089040394625440130877230883413356446722846985935655895273743988748934502 0.1312405523087976047708458738159648480193742492666251343726688732491323053181613282916110110463622922 9.15457e-18
-0.7432918908524302029316241585089040394625440130877230883413356446722846985935655895273743988748934502 0.1312405523087976047708458738159648480193742492666251343726688732491323053181613282916110110463622922 7.86712e-18
-0.7432918908524302029316241585089040394625440130877230883413356446722846985935655895273743988748934502 0.1312405523087976047708458738159648480193742492666251343726688732491323053181613282916110110463622922 6.76072e-18
-0.7432918908524302029316241585089040394625440130877230883413356446722846985935655895273743988748934502 0.1312405523087976047708458738159648480193742492666251343726688732491323053181613282916110110463622922 5.80993e-18
-0.7432918908524302029316241585089040394625440130877230883413356446722846985935655895273743988748934502 0.1312405523087976047708458738159648480193742492666251343726688732491323053181613282916110110463622922 4.99285e-18
-0.7432918908524302029316241585089040394625440130877230883413356446722846985935655895273743988748934502 0.1312405523087976047708458738159648480193742492666251343726688732491323053181613282916110110463622922 4.29068e-18
-0.7432918908524302029316241585089040394625440130877230883413356446722846985935655895273743988748934502 0.1312405523087976047708458738159648480193742492666251343726688732491323053181613282916110110463622922 3.68726e-18
-0.7432918908524302029316241585089040394625440130877230883413356446722846985935655895273743988748934502 0.1312405523087976047708458738159648480193742492666251343726688732491323053181613282916110110463622922 3.1687e-18
-0.7432918908524302029316241585089040394625440130877230883413356446722846985935655895273743988748934502 0.1312405523087976047708458738159648480193742492666251343726688732491323053181613282916110110463622922 2.72307e-18
-0.7432918908524302029316241585089040394625440130877230883413356446722846985935655895273743988748934502 0.1312405523087976047708458738159648480193742492666251343726688732491323053181613282916110110463622922 2.34011e-18
-0.7432918908524302029316241585089040394625440130877230883413356446722846985935655895273743988748934502 0.1312405523087976047708458738159648480193742492666251343726688732491323053181613282916110110463622922 2.01101e-18
-0.7432918908524302029316241585089040394625440130877230883413356446722846985935655895273743988748934502 0.1312405523087976047708458738159648480193742492666251343726688732491323053181613282916110110463622922 1.72819e-18
-0.7432918908524302029316241585089040394625440130877230883413356446722846985935655895273743988748934502 0.1312405523087976047708458738159648480193742492666251343726688732491323053181613282916110110463622922 1.48514e-18
-0.7432918908524302029316241585089040394625440130877230883413356446722846985935655895273743988748934502 0.1312405523087976047708458738159648480193742492666251343726688732491323053181613282916110110463622922 1.27628e-18
-0.7432918908524302029316241585089040394625440130877230883413356446722846985935655895273743988748934502 0.1312405523087976047708458738159648480193742492666251343726688732491323053181613282916110110463622922 1.09679e-18
-0.7432918908524302029316241585089040394625440130877230883413356446722846985935655895273743988748934502 0.1312405523087976047708458738159648480193742492666251343726688732491323053181613282916110110463622922 9.42543e-19
-0.7432918908524302029316241585089040394625440130877230883413356446722846985935655895273743988748934502 0.1312405523087976047708458738159648480193742492666251343726688732491323053181613282916110110463622922 8.09988e-19
-0.7432918908524302029316241585089040394625440130877230883413356446722846985935655895273743988748934502 0.1312405523087976047708458738159648480193742492666251343726688732491323053181613282916110110463622922 6.96075e-19
-0.7432918908524302029316241585089040394625440130877230883413356446722846985935655895273743988748934502 0.1312405523087976047708458738159648480193742492666251343726688732491323053181613282916110110463622922 5.98182e-19
-0.7432918908524302029316241585089040394625440130877230883413356446722846985935655895273743988748934502 0.1312405523087976047708458738159648480193742492666251343726688732491323053181613282916110110463622922 5.14057e-19
-0.7432918908524302029316241585089040394625440130877230883413356446722846985935655895273743988748934502 0.1312405523087976047708458738159648480193742492666251343726688732491323053181613282916110110463622922 4.41762e-19
-0.7432918908524302029316241585089040394625440130877230883413356446722846985935655895273743988748934502 0.1312405523087976047708458738159648480193742492666251343726688732491323053181613282916110110463622922 3.79635e-19
-0.7432918908524302029316241585089040394625440130877230883413356446722846985935655895273743988748934502 0.1312405523087976047708458738159648480193742492666251343726688732491323053181613282916110110463622922 3.26245e-19
-0.7432918908524302029316241585089040394625440130877230883413356446722846985935655895273743988748934502 0.1312405523087976047708458738159648480193742492666251343726688732491323053181613282916110110463622922 2.80363e-19
-0.7432918908524302029316241585089040394625440130877230883413356446722846985935655895273743988748934502 0.1312405523087976047708458738159648480193742492666251343726688732491323053181613282916110110463622922 2.40934e-19
-0.7432918908524302029316241585089040394625440130877230883413356446722846985935655895273743988748934502 0.1312405523087976047708458738159648480193742492666251343726688732491323053181613282916110110463622922 2.07051e-19
-0.7432918908524302029316241585089040394625440130877230883413356446722846985935655895273743988748934502 0.1312405523087976047708458738159648480193742492666251343726688732491323053181613282916110110463622922 1.77932e-19
-0.7432918908524302029316241585089040394625440130877230883413356446722846985935655895273743988748934502 0.1312405523087976047708458738159648480193742492666251343726688732491323053181613282916110110463622922 1.52908e-19
-0.7432918908524302029316241585089040394625440130877230883413356446722846985935655895273743988748934502 0.1312405523087976047708458738159648480193742492666251343726688732491323053181613282916110110463622922 1.31404e-19
-0.7432918908524302029316241585089040394625440130877230883413356446722846985935655895273743988748934502 0.1312405523087976047708458738159648480193742492666251343726688732491323053181613282916110110463622922 1.12924e-19
-0.7432918908524302029316241585089040394625440130877230883413356446722846985935655895273743988748934502 0.1312405523087976047708458738159648480193742492666251343726688732491323053181613282916110110463622922 9.70429e-20
-0.7432918908524302029316241585089040394625440130877230883413356446722846985935655895273743988748934502 0.1312405523087976047708458738159648480193742492666251343726688732491323053181613282916110110463622922 8.33953e-20
-0.7432918908524302029316241585089040394625440130877230883413356446722846985935655895273743988748934502 0.1312405523087976047708458738159648480193742492666251343726688732491323053181613282916110110463622922 7.1667e-20
-0.7432918908524302029316241585089040394625440130877230883413356446722846985935655895273743988748934502 0.1312405523087976047708458738159648480193742492666251343726688732491323053181613282916110110463622922 6.15881e-20
-0.7432918908524302029316241585089040394625440130877230883413356446722846985935655895273743988748934502 0.1312405523087976047708458738159648480193742492666251343726688732491323053181613282916110110463622922 5.29266e-20
-0.7432918908524302029316241585089040394625440130877230883413356446722846985935655895273743988748934502 0.1312405523087976047708458738159648480193742492666251343726688732491323053181613282916110110463622922 4.54833e-20
-0.7432918908524302029316241585089040394625440130877230883413356446722846985935655895273743988748934502 0.1312405523087976047708458738159648480193742492666251343726688732491323053181613282916110110463622922 3.90867e-20
-0.7432918908524302029316241585089040394625440130877230883413356446722846985935655895273743988748934502 0.1312405523087976047708458738159648480193742492666251343726688732491323053181613282916110110463622922 3.35897e-20
-0.7432918908524302029316241585089040394625440130877230883413356446722846985935655895273743988748934502 0.1312405523087976047708458738159648480193742492666251343726688732491323053181613282916110110463622922 2.88658e-20
-0.7432918908524302029316241585089040394625440130877230883413356446722846985935655895273743988748934502 0.1312405523087976047708458738159648480193742492666251343726688732491323053181613282916110110463622922 2.48063e-20
-0.7432918908524302029316241585089040394625440130877230883413356446722846985935655895273743988748934502 0.1312405523087976047708458738159648480193742492666251343726688732491323053181613282916110110463622922 2.13176e-20
-0.7432918908524302029316241585089040394625440130877230883413356446722846985935655895273743988748934502 0.1312405523087976047708458738159648480193742492666251343726688732491323053181613282916110110463622922 1.83196e-20
-0.7432918908524302029316241585089040394625440130877230883413356446722846985935655895273743988748934502 0.1312405523087976047708458738159648480193742492666251343726688732491323053181613282916110110463622922 1.57432e-20
-0.7432918908524302029316241585089040394625440130877230883413356446722846985935655895273743988748934502 0.1312405523087976047708458738159648480193742492666251343726688732491323053181613282916110110463622922 1.35292e-20
-0.7432918908524302029316241585089040394625440130877230883413356446722846985935655895273743988748934502 0.1312405523087976047708458738159648480193742492666251343726688732491323053181613282916110110463622922 1.16265e-20
-0.7432918908524302029316241585089040394625440130877230883413356446722846985935655895273743988748934502 0.1312405523087976047708458738159648480193742492666251343726688732491323053181613282916110110463622922 9.99141e-21
-0.7432918908524302029316241585089040394625440130877230883413356446722846985935655895273743988748934502 0.1312405523087976047708458738159648480193742492666251343726688732491323053181613282916110110463622922 8.58627e-21
-0.7432918908524302029316241585089040394625440130877230883413356446722846985935655895273743988748934502 0.1312405523087976047708458738159648480193742492666251343726688732491323053181613282916110110463622922 7.37874e-21
-0.7432918908524302029316241585089040394625440130877230883413356446722846985935655895273743988748934502 0.1312405523087976047708458738159648480193742492666251343726688732491323053181613282916110110463622922 6.34103e-21
-0.7432918908524302029316241585089040394625440130877230883413356446722846985935655895273743988748934502 0.1312405523087976047708458738159648480193742492666251343726688732491323053181613282916110110463622922 5.44925e-21
-0.7432918908524302029316241585089040394625440130877230883413356446722846985935655895273743988748934502 0.1312405523087976047708458738159648480193742492666251343726688732491323053181613282916110110463622922 4.6829e-21
-0.7432918908524302029316241585089040394625440130877230883413356446722846985935655895273743988748934502 0.1312405523087976047708458738159648480193742492666251343726688732491323053181613282916110110463622922 4.02432e-21
-0.7432918908524302029316241585089040394625440130877230883413356446722846985935655895273743988748934502 0.1312405523087976047708458738159648480193742492666251343726688732491323053181613282916110110463622922 3.45836e-21
-0.7432918908524302029316241585089040394625440130877230883413356446722846985935655895273743988748934502 0.1312405523087976047708458738159648480193742492666251343726688732491323053181613282916110110463622922 2.97199e-21
-0.7432918908524302029316241585089040394625440130877230883413356446722846985935655895273743988748934502 0.1312405523087976047708458738159648480193742492666251343726688732491323053181613282916110110463622922 2.55402e-21
-0.7432918908524302029316241585089040394625440130877230883413356446722846985935655895273743988748934502 0.1312405523087976047708458738159648480193742492666251343726688732491323053181613282916110110463622922 2.19484e-21
-0.7432918908524302029316241585089040394625440130877230883413356446722846985935655895273743988748934502 0.1312405523087976047708458738159648480193742492666251343726688732491323053181613282916110110463622922 1.88617e-21
-0.7432918908524302029316241585089040394625440130877230883413356446722846985935655895273743988748934502 0.1312405523087976047708458738159648480193742492666251343726688732491323053181613282916110110463622922 1.6209e-21
-0.7432918908524302029316241585089040394625440130877230883413356446722846985935655895273743988748934502 0.1312405523087976047708458738159648480193742492666251343726688732491323053181613282916110110463622922 1.39295e-21
-0.7432918908524302029316241585089040394625440130877230883413356446722846985935655895273743988748934502 0.1312405523087976047708458738159648480193742492666251343726688732491323053181613282916110110463622922 1.19705e-21
-0.7432918908524302029316241585089040394625440130877230883413356446722846985935655895273743988748934502 0.1312405523087976047708458738159648480193742492666251343726688732491323053181613282916110110463622922 1.0287e-21
-0.7432918908524302029316241585089040394625440130877230883413356446722846985935655895273743988748934502 0.1312405523087976047708458738159648480193742492666251343726688732491323053181613282916110110463622922 8.84031e-22
-0.7432918908524302029316241585089040394625440130877230883413356446722846985935655895273743988748934502 0.1312405523087976047708458738159648480193742492666251343726688732491323053181613282916110110463622922 7.59705e-22
-0.7432918908524302029316241585089040394625440130877230883413356446722846985935655895273743988748934502 0.1312405523087976047708458738159648480193742492666251343726688732491323053181613282916110110463622922 6.52864e-22
-0.7432918908524302029316241585089040394625440130877230883413356446722846985935655895273743988748934502 0.1312405523087976047708458738159648480193742492666251343726688732491323053181613282916110110463622922 5.61048e-22
-0.7432918908524302029316241585089040394625440130877230883413356446722846985935655895273743988748934502 0.1312405523087976047708458738159648480193742492666251343726688732491323053181613282916110110463622922 4.82145e-22
-0.7432918908524302029316241585089040394625440130877230883413356446722846985935655895273743988748934502 0.1312405523087976047708458738159648480193742492666251343726688732491323053181613282916110110463622922 4.14338e-22
-0.7432918908524302029316241585089040394625440130877230883413356446722846985935655895273743988748934502 0.1312405523087976047708458738159648480193742492666251343726688732491323053181613282916110110463622922 3.56068e-22
-0.7432918908524302029316241585089040394625440130877230883413356446722846985935655895273743988748934502 0.1312405523087976047708458738159648480193742492666251343726688732491323053181613282916110110463622922 3.05992e-22
-0.7432918908524302029316241585089040394625440130877230883413356446722846985935655895273743988748934502 0.1312405523087976047708458738159648480193742492666251343726688732491323053181613282916110110463622922 2.62959e-22
-0.7432918908524302029316241585089040394625440130877230883413356446722846985935655895273743988748934502 0.1312405523087976047708458738159648480193742492666251343726688732491323053181613282916110110463622922 2.25977e-22
-0.7432918908524302029316241585089040394625440130877230883413356446722846985935655895273743988748934502 0.1312405523087976047708458738159648480193742492666251343726688732491323053181613282916110110463622922 1.94197e-22
-0.7432918908524302029316241585089040394625440130877230883413356446722846985935655895273743988748934502 0.1312405523087976047708458738159648480193742492666251343726688732491323053181613282916110110463622922 1.66886e-22
-0.7432918908524302029316241585089040394625440130877230883413356446722846985935655895273743988748934502 0.1312405523087976047708458738159648480193742492666251343726688732491323053181613282916110110463622922 1.43416e-22
-0.7432918908524302029316241585089040394625440130877230883413356446722846985935655895273743988748934502 0.1312405523087976047708458738159648480193742492666251343726688732491323053181613282916110110463622922 1.23247e-22
-0.7432918908524302029316241585089040394625440130877230883413356446722846985935655895273743988748934502 0.1312405523087976047708458738159648480193742492666251343726688732491323053181613282916110110463622922 1.05914e-22
-0.7432918908524302029316241585089040394625440130877230883413356446722846985935655895273743988748934502 0.1312405523087976047708458738159648480193742492666251343726688732491323053181613282916110110463622922 9.10186e-23
-0.7432918908524302029316241585089040394625440130877230883413356446722846985935655895273743988748934502 0.1312405523087976047708458738159648480193742492666251343726688732491323053181613282916110110463622922 7.82182e-23
-0.7432918908524302029316241585089040394625440130877230883413356446722846985935655895273743988748934502 0.1312405523087976047708458738159648480193742492666251343726688732491323053181613282916110110463622922 6.7218e-23
-0.7432918908524302029316241585089040394625440130877230883413356446722846985935655895273743988748934502 0.1312405523087976047708458738159648480193742492666251343726688732491323053181613282916110110463622922 5.77648e-23
-0.7432918908524302029316241585089040394625440130877230883413356446722846985935655895273743988748934502 0.1312405523087976047708458738159648480193742492666251343726688732491323053181613282916110110463622922 4.9641e-23
-0.7432918908524302029316241585089040394625440130877230883413356446722846985935655895273743988748934502 0.1312405523087976047708458738159648480193742492666251343726688732491323053181613282916110110463622922 4.26597e-23
-0.7432918908524302029316241585089040394625440130877230883413356446722846985935655895273743988748934502 0.1312405523087976047708458738159648480193742492666251343726688732491323053181613282916110110463622922 3.66603e-23
-0.7432918908524302029316241585089040394625440130877230883413356446722846985935655895273743988748934502 0.1312405523087976047708458738159648480193742492666251343726688732491323053181613282916110110463622922 3.15045e-23
-0.7432918908524302029316241585089040394625440130877230883413356446722846985935655895273743988748934502 0.1312405523087976047708458738159648480193742492666251343726688732491323053181613282916110110463622922 2.70739e-23
-0.7432918908524302029316241585089040394625440130877230883413356446722846985935655895273743988748934502 0.1312405523087976047708458738159648480193742492666251343726688732491323053181613282916110110463622922 2.32663e-23
-0.7432918908524302029316241585089040394625440130877230883413356446722846985935655895273743988748934502 0.1312405523087976047708458738159648480193742492666251343726688732491323053181613282916110110463622922 1.99943e-23
-0.7432918908524302029316241585089040394625440130877230883413356446722846985935655895273743988748934502 0.1312405523087976047708458738159648480193742492666251343726688732491323053181613282916110110463622922 1.71824e-23
-0.7432918908524302029316241585089040394625440130877230883413356446722846985935655895273743988748934502 0.1312405523087976047708458738159648480193742492666251343726688732491323053181613282916110110463622922 1.47659e-23
-0.7432918908524302029316241585089040394625440130877230883413356446722846985935655895273743988748934502 0.1312405523087976047708458738159648480193742492666251343726688732491323053181613282916110110463622922 1.26893e-23
-0.7432918908524302029316241585089040394625440130877230883413356446722846985935655895273743988748934502 0.1312405523087976047708458738159648480193742492666251343726688732491323053181613282916110110463622922 1.09048e-23
-0.7432918908524302029316241585089040394625440130877230883413356446722846985935655895273743988748934502 0.1312405523087976047708458738159648480193742492666251343726688732491323053181613282916110110463622922 9.37116e-24
-0.7432918908524302029316241585089040394625440130877230883413356446722846985935655895273743988748934502 0.1312405523087976047708458738159648480193742492666251343726688732491323053181613282916110110463622922 8.05324e-24
-0.7432918908524302029316241585089040394625440130877230883413356446722846985935655895273743988748934502 0.1312405523087976047708458738159648480193742492666251343726688732491323053181613282916110110463622922 6.92067e-24
-0.7432918908524302029316241585089040394625440130877230883413356446722846985935655895273743988748934502 0.1312405523087976047708458738159648480193742492666251343726688732491323053181613282916110110463622922 5.94738e-24
-0.7432918908524302029316241585089040394625440130877230883413356446722846985935655895273743988748934502 0.1312405523087976047708458738159648480193742492666251343726688732491323053181613282916110110463622922 5.11097e-24
-0.7432918908524302029316241585089040394625440130877230883413356446722846985935655895273743988748934502 0.1312405523087976047708458738159648480193742492666251343726688732491323053181613282916110110463622922 4.39219e-24
-0.7432918908524302029316241585089040394625440130877230883413356446722846985935655895273743988748934502 0.1312405523087976047708458738159648480193742492666251343726688732491323053181613282916110110463622922 3.77449e-24
-0.7432918908524302029316241585089040394625440130877230883413356446722846985935655895273743988748934502 0.1312405523087976047708458738159648480193742492666251343726688732491323053181613282916110110463622922 3.24366e-24
-0.7432918908524302029316241585089040394625440130877230883413356446722846985935655895273743988748934502 0.1312405523087976047708458738159648480193742492666251343726688732491323053181613282916110110463622922 2.78749e-24
-0.7432918908524302029316241585089040394625440130877230883413356446722846985935655895273743988748934502 0.1312405523087976047708458738159648480193742492666251343726688732491323053181613282916110110463622922 2.39547e-24
-0.7432918908524302029316241585089040394625440130877230883413356446722846985935655895273743988748934502 0.1312405523087976047708458738159648480193742492666251343726688732491323053181613282916110110463622922 2.05858e-24
-0.7432918908524302029316241585089040394625440130877230883413356446722846985935655895273743988748934502 0.1312405523087976047708458738159648480193742492666251343726688732491323053181613282916110110463622922 1.76907e-24
-0.7432918908524302029316241585089040394625440130877230883413356446722846985935655895273743988748934502 0.1312405523087976047708458738159648480193742492666251343726688732491323053181613282916110110463622922 1.52028e-24
-0.7432918908524302029316241585089040394625440130877230883413356446722846985935655895273743988748934502 0.1312405523087976047708458738159648480193742492666251343726688732491323053181613282916110110463622922 1.30648e-24
-0.7432918908524302029316241585089040394625440130877230883413356446722846985935655895273743988748934502 0.1312405523087976047708458738159648480193742492666251343726688732491323053181613282916110110463622922 1.12274e-24
-0.7432918908524302029316241585089040394625440130877230883413356446722846985935655895273743988748934502 0.1312405523087976047708458738159648480193742492666251343726688732491323053181613282916110110463622922 9.64842e-25
-0.7432918908524302029316241585089040394625440130877230883413356446722846985935655895273743988748934502 0.1312405523087976047708458738159648480193742492666251343726688732491323053181613282916110110463622922 8.29151e-25
-0.7432918908524302029316241585089040394625440130877230883413356446722846985935655895273743988748934502 0.1312405523087976047708458738159648480193742492666251343726688732491323053181613282916110110463622922 7.12543e-25
-0.7432918908524302029316241585089040394625440130877230883413356446722846985935655895273743988748934502 0.1312405523087976047708458738159648480193742492666251343726688732491323053181613282916110110463622922 6.12335e-25
-0.7432918908524302029316241585089040394625440130877230883413356446722846985935655895273743988748934502 0.1312405523087976047708458738159648480193742492666251343726688732491323053181613282916110110463622922 5.26219e-25
-0.7432918908524302029316241585089040394625440130877230883413356446722846985935655895273743988748934502 0.1312405523087976047708458738159648480193742492666251343726688732491323053181613282916110110463622922 4.52214e-25
-0.7432918908524302029316241585089040394625440130877230883413356446722846985935655895273743988748934502 0.1312405523087976047708458738159648480193742492666251343726688732491323053181613282916110110463622922 3.88617e-25
-0.7432918908524302029316241585089040394625440130877230883413356446722846985935655895273743988748934502 0.1312405523087976047708458738159648480193742492666251343726688732491323053181613282916110110463622922 3.33963e-25
-0.7432918908524302029316241585089040394625440130877230883413356446722846985935655895273743988748934502 0.1312405523087976047708458738159648480193742492666251343726688732491323053181613282916110110463622922 2.86996e-25
-0.7432918908524302029316241585089040394625440130877230883413356446722846985935655895273743988748934502 0.1312405523087976047708458738159648480193742492666251343726688732491323053181613282916110110463622922 2.46635e-25
-0.7432918908524302029316241585089040394625440130877230883413356446722846985935655895273743988748934502 0.1312405523087976047708458738159648480193742492666251343726688732491323053181613282916110110463622922 2.11949e-25
-0.7432918908524302029316241585089040394625440130877230883413356446722846985935655895273743988748934502 0.1312405523087976047708458738159648480193742492666251343726688732491323053181613282916110110463622922 1.82142e-25
-0.7432918908524302029316241585089040394625440130877230883413356446722846985935655895273743988748934502 0.1312405523087976047708458738159648480193742492666251343726688732491323053181613282916110110463622922 1.56526e-25
-0.7432918908524302029316241585089040394625440130877230883413356446722846985935655895273743988748934502 0.1312405523087976047708458738159648480193742492666251343726688732491323053181613282916110110463622922 1.34513e-25
-0.7432918908524302029316241585089040394625440130877230883413356446722846985935655895273743988748934502 0.1312405523087976047708458738159648480193742492666251343726688732491323053181613282916110110463622922 1.15596e-25
-0.7432918908524302029316241585089040394625440130877230883413356446722846985935655895273743988748934502 0.1312405523087976047708458738159648480193742492666251343726688732491323053181613282916110110463622922 9.93389e-26
-0.7432918908524302029316241585089040394625440130877230883413356446722846985935655895273743988748934502 0.1312405523087976047708458738159648480193742492666251343726688732491323053181613282916110110463622922 8.53683e-26
-0.7432918908524302029316241585089040394625440130877230883413356446722846985935655895273743988748934502 0.1312405523087976047708458738159648480193742492666251343726688732491323053181613282916110110463622922 7.33625e-26
-0.7432918908524302029316241585089040394625440130877230883413356446722846985935655895273743988748934502 0.1312405523087976047708458738159648480193742492666251343726688732491323053181613282916110110463622922 6.30452e-26
-0.7432918908524302029316241585089040394625440130877230883413356446722846985935655895273743988748934502 0.1312405523087976047708458738159648480193742492666251343726688732491323053181613282916110110463622922 5.41788e-26
-0.7432918908524302029316241585089040394625440130877230883413356446722846985935655895273743988748934502 0.1312405523087976047708458738159648480193742492666251343726688732491323053181613282916110110463622922 4.65593e-26
-0.7432918908524302029316241585089040394625440130877230883413356446722846985935655895273743988748934502 0.1312405523087976047708458738159648480193742492666251343726688732491323053181613282916110110463622922 4.00115e-26
-0.7432918908524302029316241585089040394625440130877230883413356446722846985935655895273743988748934502 0.1312405523087976047708458738159648480193742492666251343726688732491323053181613282916110110463622922 3.43844e-26
-0.7432918908524302029316241585089040394625440130877230883413356446722846985935655895273743988748934502 0.1312405523087976047708458738159648480193742492666251343726688732491323053181613282916110110463622922 2.95488e-26
-0.7432918908524302029316241585089040394625440130877230883413356446722846985935655895273743988748934502 0.1312405523087976047708458738159648480193742492666251343726688732491323053181613282916110110463622922 2.53932e-26
-0.7432918908524302029316241585089040394625440130877230883413356446722846985935655895273743988748934502 0.1312405523087976047708458738159648480193742492666251343726688732491323053181613282916110110463622922 2.1822e-26
-0.7432918908524302029316241585089040394625440130877230883413356446722846985935655895273743988748934502 0.1312405523087976047708458738159648480193742492666251343726688732491323053181613282916110110463622922 1.87531e-26
-0.7432918908524302029316241585089040394625440130877230883413356446722846985935655895273743988748934502 0.1312405523087976047708458738159648480193742492666251343726688732491323053181613282916110110463622922 1.61157e-26
-0.7432918908524302029316241585089040394625440130877230883413356446722846985935655895273743988748934502 0.1312405523087976047708458738159648480193742492666251343726688732491323053181613282916110110463622922 1.38493e-26
-0.7432918908524302029316241585089040394625440130877230883413356446722846985935655895273743988748934502 0.1312405523087976047708458738159648480193742492666251343726688732491323053181613282916110110463622922 1.19016e-26
-0.7432918908524302029316241585089040394625440130877230883413356446722846985935655895273743988748934502 0.1312405523087976047708458738159648480193742492666251343726688732491323053181613282916110110463622922 1.02278e-26
-0.7432918908524302029316241585089040394625440130877230883413356446722846985935655895273743988748934502 0.1312405523087976047708458738159648480193742492666251343726688732491323053181613282916110110463622922 8.78941e-27
-0.7432918908524302029316241585089040394625440130877230883413356446722846985935655895273743988748934502 0.1312405523087976047708458738159648480193742492666251343726688732491323053181613282916110110463622922 7.55331e-27
-0.7432918908524302029316241585089040394625440130877230883413356446722846985935655895273743988748934502 0.1312405523087976047708458738159648480193742492666251343726688732491323053181613282916110110463622922 6.49105e-27
-0.7432918908524302029316241585089040394625440130877230883413356446722846985935655895273743988748934502 0.1312405523087976047708458738159648480193742492666251343726688732491323053181613282916110110463622922 5.57818e-27
-0.7432918908524302029316241585089040394625440130877230883413356446722846985935655895273743988748934502 0.1312405523087976047708458738159648480193742492666251343726688732491323053181613282916110110463622922 4.79369e-27
-0.7432918908524302029316241585089040394625440130877230883413356446722846985935655895273743988748934502 0.1312405523087976047708458738159648480193742492666251343726688732491323053181613282916110110463622922 4.11953e-27
-0.7432918908524302029316241585089040394625440130877230883413356446722846985935655895273743988748934502 0.1312405523087976047708458738159648480193742492666251343726688732491323053181613282916110110463622922 3.54018e-27
-0.7432918908524302029316241585089040394625440130877230883413356446722846985935655895273743988748934502 0.1312405523087976047708458738159648480193742492666251343726688732491323053181613282916110110463622922 3.0423e-27
-0.7432918908524302029316241585089040394625440130877230883413356446722846985935655895273743988748934502 0.1312405523087976047708458738159648480193742492666251343726688732491323053181613282916110110463622922 2.61445e-27
-0.7432918908524302029316241585089040394625440130877230883413356446722846985935655895273743988748934502 0.1312405523087976047708458738159648480193742492666251343726688732491323053181613282916110110463622922 2.24676e-27
-0.7432918908524302029316241585089040394625440130877230883413356446722846985935655895273743988748934502 0.1312405523087976047708458738159648480193742492666251343726688732491323053181613282916110110463622922 1.93079e-27
-0.7432918908524302029316241585089040394625440130877230883413356446722846985935655895273743988748934502 0.1312405523087976047708458738159648480193742492666251343726688732491323053181613282916110110463622922 1.65925e-27
-0.7432918908524302029316241585089040394625440130877230883413356446722846985935655895273743988748934502 0.1312405523087976047708458738159648480193742492666251343726688732491323053181613282916110110463622922 1.4259e-27
-0.7432918908524302029316241585089040394625440130877230883413356446722846985935655895273743988748934502 0.1312405523087976047708458738159648480193742492666251343726688732491323053181613282916110110463622922 1.22537e-27
-0.7432918908524302029316241585089040394625440130877230883413356446722846985935655895273743988748934502 0.1312405523087976047708458738159648480193742492666251343726688732491323053181613282916110110463622922 1.05304e-27
-0.7432918908524302029316241585089040394625440130877230883413356446722846985935655895273743988748934502 0.1312405523087976047708458738159648480193742492666251343726688732491323053181613282916110110463622922 9.04946e-28
-0.7432918908524302029316241585089040394625440130877230883413356446722846985935655895273743988748934502 0.1312405523087976047708458738159648480193742492666251343726688732491323053181613282916110110463622922 7.77679e-28
-0.7432918908524302029316241585089040394625440130877230883413356446722846985935655895273743988748934502 0.1312405523087976047708458738159648480193742492666251343726688732491323053181613282916110110463622922 6.6831e-28
-0.7432918908524302029316241585089040394625440130877230883413356446722846985935655895273743988748934502 0.1312405523087976047708458738159648480193742492666251343726688732491323053181613282916110110463622922 5.74322e-28
-0.7432918908524302029316241585089040394625440130877230883413356446722846985935655895273743988748934502 0.1312405523087976047708458738159648480193742492666251343726688732491323053181613282916110110463622922 4.93552e-28
-0.7432918908524302029316241585089040394625440130877230883413356446722846985935655895273743988748934502 0.1312405523087976047708458738159648480193742492666251343726688732491323053181613282916110110463622922 4.24141e-28
-0.7432918908524302029316241585089040394625440130877230883413356446722846985935655895273743988748934502 0.1312405523087976047708458738159648480193742492666251343726688732491323053181613282916110110463622922 3.64492e-28
-0.7432918908524302029316241585089040394625440130877230883413356446722846985935655895273743988748934502 0.1312405523087976047708458738159648480193742492666251343726688732491323053181613282916110110463622922 3.13231e-28
-0.7432918908524302029316241585089040394625440130877230883413356446722846985935655895273743988748934502 0.1312405523087976047708458738159648480193742492666251343726688732491323053181613282916110110463622922 2.6918e-28
-0.7432918908524302029316241585089040394625440130877230883413356446722846985935655895273743988748934502 0.1312405523087976047708458738159648480193742492666251343726688732491323053181613282916110110463622922 2.31324e-28
-0.7432918908524302029316241585089040394625440130877230883413356446722846985935655895273743988748934502 0.1312405523087976047708458738159648480193742492666251343726688732491323053181613282916110110463622922 1.98792e-28
-0.7432918908524302029316241585089040394625440130877230883413356446722846985935655895273743988748934502 0.1312405523087976047708458738159648480193742492666251343726688732491323053181613282916110110463622922 1.70834e-28
-0.7432918908524302029316241585089040394625440130877230883413356446722846985935655895273743988748934502 0.1312405523087976047708458738159648480193742492666251343726688732491323053181613282916110110463622922 1.46809e-28
-0.7432918908524302029316241585089040394625440130877230883413356446722846985935655895273743988748934502 0.1312405523087976047708458738159648480193742492666251343726688732491323053181613282916110110463622922 1.26163e-28
-0.7432918908524302029316241585089040394625440130877230883413356446722846985935655895273743988748934502 0.1312405523087976047708458738159648480193742492666251343726688732491323053181613282916110110463622922 1.0842e-28
-0.7432918908524302029316241585089040394625440130877230883413356446722846985935655895273743988748934502 0.1312405523087976047708458738159648480193742492666251343726688732491323053181613282916110110463622922 9.3172e-29
-0.7432918908524302029316241585089040394625440130877230883413356446722846985935655895273743988748934502 0.1312405523087976047708458738159648480193742492666251343726688732491323053181613282916110110463622922 8.00688e-29
-0.7432918908524302029316241585089040394625440130877230883413356446722846985935655895273743988748934502 0.1312405523087976047708458738159648480193742492666251343726688732491323053181613282916110110463622922 6.88083e-29
-0.7432918908524302029316241585089040394625440130877230883413356446722846985935655895273743988748934502 0.1312405523087976047708458738159648480193742492666251343726688732491323053181613282916110110463622922 5.91314e-29
-0.7432918908524302029316241585089040394625440130877230883413356446722846985935655895273743988748934502 0.1312405523087976047708458738159648480193742492666251343726688732491323053181613282916110110463622922 5.08154e-29
-0.7432918908524302029316241585089040394625440130877230883413356446722846985935655895273743988748934502 0.1312405523087976047708458738159648480193742492666251343726688732491323053181613282916110110463622922 4.3669e-29
-0.7432918908524302029316241585089040394625440130877230883413356446722846985935655895273743988748934502 0.1312405523087976047708458738159648480193742492666251343726688732491323053181613282916110110463622922 3.75276e-29
-0.7432918908524302029316241585089040394625440130877230883413356446722846985935655895273743988748934502 0.1312405523087976047708458738159648480193742492666251343726688732491323053181613282916110110463622922 3.22499e-29
-0.7432918908524302029316241585089040394625440130877230883413356446722846985935655895273743988748934502 0.1312405523087976047708458738159648480193742492666251343726688732491323053181613282916110110463622922 2.77144e-29
-0.7432918908524302029316241585089040394625440130877230883413356446722846985935655895273743988748934502 0.1312405523087976047708458738159648480193742492666251343726688732491323053181613282916110110463622922 2.38168e-29
-0.7432918908524302029316241585089040394625440130877230883413356446722846985935655895273743988748934502 0.1312405523087976047708458738159648480193742492666251343726688732491323053181613282916110110463622922 2.04673e-29
-0.7432918908524302029316241585089040394625440130877230883413356446722846985935655895273743988748934502 0.1312405523087976047708458738159648480193742492666251343726688732491323053181613282916110110463622922 1.75889e-29
-0.7432918908524302029316241585089040394625440130877230883413356446722846985935655895273743988748934502 0.1312405523087976047708458738159648480193742492666251343726688732491323053181613282916110110463622922 1.51153e-29
-0.7432918908524302029316241585089040394625440130877230883413356446722846985935655895273743988748934502 0.1312405523087976047708458738159648480193742492666251343726688732491323053181613282916110110463622922 1.29895e-29
-0.7432918908524302029316241585089040394625440130877230883413356446722846985935655895273743988748934502 0.1312405523087976047708458738159648480193742492666251343726688732491323053181613282916110110463622922 1.11627e-29
-0.7432918908524302029316241585089040394625440130877230883413356446722846985935655895273743988748934502 0.1312405523087976047708458738159648480193742492666251343726688732491323053181613282916110110463622922 9.59287e-30
-0.7432918908524302029316241585089040394625440130877230883413356446722846985935655895273743988748934502 0.1312405523087976047708458738159648480193742492666251343726688732491323053181613282916110110463622922 8.24377e-30
-0.7432918908524302029316241585089040394625440130877230883413356446722846985935655895273743988748934502 0.1312405523087976047708458738159648480193742492666251343726688732491323053181613282916110110463622922 7.08441e-30
-0.7432918908524302029316241585089040394625440130877230883413356446722846985935655895273743988748934502 0.1312405523087976047708458738159648480193742492666251343726688732491323053181613282916110110463622922 6.08809e-30
-0.7432918908524302029316241585089040394625440130877230883413356446722846985935655895273743988748934502 0.1312405523087976047708458738159648480193742492666251343726688732491323053181613282916110110463622922 5.23189e-30
-0.7432918908524302029316241585089040394625440130877230883413356446722846985935655895273743988748934502 0.1312405523087976047708458738159648480193742492666251343726688732491323053181613282916110110463622922 4.4961e-30
-0.7432918908524302029316241585089040394625440130877230883413356446722846985935655895273743988748934502 0.1312405523087976047708458738159648480193742492666251343726688732491323053181613282916110110463622922 3.86379e-30
-0.7432918908524302029316241585089040394625440130877230883413356446722846985935655895273743988748934502 0.1312405523087976047708458738159648480193742492666251343726688732491323053181613282916110110463622922 3.32041e-30
-0.7432918908524302029316241585089040394625440130877230883413356446722846985935655895273743988748934502 0.1312405523087976047708458738159648480193742492666251343726688732491323053181613282916110110463622922 2.85344e-30
-0.7432918908524302029316241585089040394625440130877230883413356446722846985935655895273743988748934502 0.1312405523087976047708458738159648480193742492666251343726688732491323053181613282916110110463622922 2.45215e-30
-0.7432918908524302029316241585089040394625440130877230883413356446722846985935655895273743988748934502 0.1312405523087976047708458738159648480193742492666251343726688732491323053181613282916110110463622922 2.10729e-30
-0.7432918908524302029316241585089040394625440130877230883413356446722846985935655895273743988748934502 0.1312405523087976047708458738159648480193742492666251343726688732491323053181613282916110110463622922 1.81093e-30
-0.7432918908524302029316241585089040394625440130877230883413356446722846985935655895273743988748934502 0.1312405523087976047708458738159648480193742492666251343726688732491323053181613282916110110463622922 1.55625e-30
-0.7432918908524302029316241585089040394625440130877230883413356446722846985935655895273743988748934502 0.1312405523087976047708458738159648480193742492666251343726688732491323053181613282916110110463622922 1.33738e-30
-0.7432918908524302029316241585089040394625440130877230883413356446722846985935655895273743988748934502 0.1312405523087976047708458738159648480193742492666251343726688732491323053181613282916110110463622922 1.1493e-30
-0.7432918908524302029316241585089040394625440130877230883413356446722846985935655895273743988748934502 0.1312405523087976047708458738159648480193742492666251343726688732491323053181613282916110110463622922 9.87669e-31
-0.7432918908524302029316241585089040394625440130877230883413356446722846985935655895273743988748934502 0.1312405523087976047708458738159648480193742492666251343726688732491323053181613282916110110463622922 8.48768e-31
-0.7432918908524302029316241585089040394625440130877230883413356446722846985935655895273743988748934502 0.1312405523087976047708458738159648480193742492666251343726688732491323053181613282916110110463622922 7.29401e-31
-0.7432918908524302029316241585089040394625440130877230883413356446722846985935655895273743988748934502 0.1312405523087976047708458738159648480193742492666251343726688732491323053181613282916110110463622922 6.26822e-31
-0.7432918908524302029316241585089040394625440130877230883413356446722846985935655895273743988748934502 0.1312405523087976047708458738159648480193742492666251343726688732491323053181613282916110110463622922 5.38669e-31
-0.7432918908524302029316241585089040394625440130877230883413356446722846985935655895273743988748934502 0.1312405523087976047708458738159648480193742492666251343726688732491323053181613282916110110463622922 4.62913e-31
-0.7432918908524302029316241585089040394625440130877230883413356446722846985935655895273743988748934502 0.1312405523087976047708458738159648480193742492666251343726688732491323053181613282916110110463622922 3.97811e-31
-0.7432918908524302029316241585089040394625440130877230883413356446722846985935655895273743988748934502 0.1312405523087976047708458738159648480193742492666251343726688732491323053181613282916110110463622922 3.41865e-31
-0.7432918908524302029316241585089040394625440130877230883413356446722846985935655895273743988748934502 0.1312405523087976047708458738159648480193742492666251343726688732491323053181613282916110110463622922 2.93786e-31
-0.7432918908524302029316241585089040394625440130877230883413356446722846985935655895273743988748934502 0.1312405523087976047708458738159648480193742492666251343726688732491323053181613282916110110463622922 2.5247e-31
-0.7432918908524302029316241585089040394625440130877230883413356446722846985935655895273743988748934502 0.1312405523087976047708458738159648480193742492666251343726688732491323053181613282916110110463622922 2.16964e-31
-0.7432918908524302029316241585089040394625440130877230883413356446722846985935655895273743988748934502 0.1312405523087976047708458738159648480193742492666251343726688732491323053181613282916110110463622922 1.86451e-31
-0.7432918908524302029316241585089040394625440130877230883413356446722846985935655895273743988748934502 0.1312405523087976047708458738159648480193742492666251343726688732491323053181613282916110110463622922 1.60229e-31
-0.7432918908524302029316241585089040394625440130877230883413356446722846985935655895273743988748934502 0.1312405523087976047708458738159648480193742492666251343726688732491323053181613282916110110463622922 1.37695e-31
-0.7432918908524302029316241585089040394625440130877230883413356446722846985935655895273743988748934502 0.1312405523087976047708458738159648480193742492666251343726688732491323053181613282916110110463622922 1.18331e-31
-0.7432918908524302029316241585089040394625440130877230883413356446722846985935655895273743988748934502 0.1312405523087976047708458738159648480193742492666251343726688732491323053181613282916110110463622922 1.01689e-31
-0.7432918908524302029316241585089040394625440130877230883413356446722846985935655895273743988748934502 0.1312405523087976047708458738159648480193742492666251343726688732491323053181613282916110110463622922 8.7388e-32
-0.7432918908524302029316241585089040394625440130877230883413356446722846985935655895273743988748934502 0.1312405523087976047708458738159648480193742492666251343726688732491323053181613282916110110463622922 7.50982e-32
-0.7432918908524302029316241585089040394625440130877230883413356446722846985935655895273743988748934502 0.1312405523087976047708458738159648480193742492666251343726688732491323053181613282916110110463622922 6.45367e-32
-0.7432918908524302029316241585089040394625440130877230883413356446722846985935655895273743988748934502 0.1312405523087976047708458738159648480193742492666251343726688732491323053181613282916110110463622922 5.54606e-32
-0.7432918908524302029316241585089040394625440130877230883413356446722846985935655895273743988748934502 0.1312405523087976047708458738159648480193742492666251343726688732491323053181613282916110110463622922 4.76609e-32
-0.7432918908524302029316241585089040394625440130877230883413356446722846985935655895273743988748934502 0.1312405523087976047708458738159648480193742492666251343726688732491323053181613282916110110463622922 4.09581e-32
-0.7432918908524302029316241585089040394625440130877230883413356446722846985935655895273743988748934502 0.1312405523087976047708458738159648480193742492666251343726688732491323053181613282916110110463622922 3.51979e-32
-0.7432918908524302029316241585089040394625440130877230883413356446722846985935655895273743988748934502 0.1312405523087976047708458738159648480193742492666251343726688732491323053181613282916110110463622922 3.02479e-32
-0.7432918908524302029316241585089040394625440130877230883413356446722846985935655895273743988748934502 0.1312405523087976047708458738159648480193742492666251343726688732491323053181613282916110110463622922 2.59939e-32
-0.7432918908524302029316241585089040394625440130877230883413356446722846985935655895273743988748934502 0.1312405523087976047708458738159648480193742492666251343726688732491323053181613282916110110463622922 2.23383e-32
-0.7432918908524302029316241585089040394625440130877230883413356446722846985935655895273743988748934502 0.1312405523087976047708458738159648480193742492666251343726688732491323053181613282916110110463622922 1.91967e-32
-0.7432918908524302029316241585089040394625440130877230883413356446722846985935655895273743988748934502 0.1312405523087976047708458738159648480193742492666251343726688732491323053181613282916110110463622922 1.6497e-32
-0.7432918908524302029316241585089040394625440130877230883413356446722846985935655895273743988748934502 0.1312405523087976047708458738159648480193742492666251343726688732491323053181613282916110110463622922 1.41769e-32
-0.7432918908524302029316241585089040394625440130877230883413356446722846985935655895273743988748934502 0.1312405523087976047708458738159648480193742492666251343726688732491323053181613282916110110463622922 1.21832e-32
-0.7432918908524302029316241585089040394625440130877230883413356446722846985935655895273743988748934502 0.1312405523087976047708458738159648480193742492666251343726688732491323053181613282916110110463622922 1.04698e-32
-0.7432918908524302029316241585089040394625440130877230883413356446722846985935655895273743988748934502 0.1312405523087976047708458738159648480193742492666251343726688732491323053181613282916110110463622922 8.99736e-33
-0.7432918908524302029316241585089040394625440130877230883413356446722846985935655895273743988748934502 0.1312405523087976047708458738159648480193742492666251343726688732491323053181613282916110110463622922 7.73201e-33
-0.7432918908524302029316241585089040394625440130877230883413356446722846985935655895273743988748934502 0.1312405523087976047708458738159648480193742492666251343726688732491323053181613282916110110463622922 6.64462e-33
-0.7432918908524302029316241585089040394625440130877230883413356446722846985935655895273743988748934502 0.1312405523087976047708458738159648480193742492666251343726688732491323053181613282916110110463622922 5.71015e-33
-0.7432918908524302029316241585089040394625440130877230883413356446722846985935655895273743988748934502 0.1312405523087976047708458738159648480193742492666251343726688732491323053181613282916110110463622922 4.9071e-33
-0.7432918908524302029316241585089040394625440130877230883413356446722846985935655895273743988748934502 0.1312405523087976047708458738159648480193742492666251343726688732491323053181613282916110110463622922 4.21699e-33
-0.7432918908524302029316241585089040394625440130877230883413356446722846985935655895273743988748934502 0.1312405523087976047708458738159648480193742492666251343726688732491323053181613282916110110463622922 3.62393e-33
-0.7432918908524302029316241585089040394625440130877230883413356446722846985935655895273743988748934502 0.1312405523087976047708458738159648480193742492666251343726688732491323053181613282916110110463622922 3.11428e-33
-0.7432918908524302029316241585089040394625440130877230883413356446722846985935655895273743988748934502 0.1312405523087976047708458738159648480193742492666251343726688732491323053181613282916110110463622922 2.6763e-33
-0.7432918908524302029316241585089040394625440130877230883413356446722846985935655895273743988748934502 0.1312405523087976047708458738159648480193742492666251343726688732491323053181613282916110110463622922 2.29992e-33
-0.7432918908524302029316241585089040394625440130877230883413356446722846985935655895273743988748934502 0.1312405523087976047708458738159648480193742492666251343726688732491323053181613282916110110463622922 1.97647e-33
-0.7432918908524302029316241585089040394625440130877230883413356446722846985935655895273743988748934502 0.1312405523087976047708458738159648480193742492666251343726688732491323053181613282916110110463622922 1.69851e-33
-0.7432918908524302029316241585089040394625440130877230883413356446722846985935655895273743988748934502 0.1312405523087976047708458738159648480193742492666251343726688732491323053181613282916110110463622922 1.45964e-33
-0.7432918908524302029316241585089040394625440130877230883413356446722846985935655895273743988748934502 0.1312405523087976047708458738159648480193742492666251343726688732491323053181613282916110110463622922 1.25436e-33
-0.7432918908524302029316241585089040394625440130877230883413356446722846985935655895273743988748934502 0.1312405523087976047708458738159648480193742492666251343726688732491323053181613282916110110463622922 1.07795e-33
-0.7432918908524302029316241585089040394625440130877230883413356446722846985935655895273743988748934502 0.1312405523087976047708458738159648480193742492666251343726688732491323053181613282916110110463622922 9.26356e-34
-0.7432918908524302029316241585089040394625440130877230883413356446722846985935655895273743988748934502 0.1312405523087976047708458738159648480193742492666251343726688732491323053181613282916110110463622922 7.96078e-34
-0.7432918908524302029316241585089040394625440130877230883413356446722846985935655895273743988748934502 0.1312405523087976047708458738159648480193742492666251343726688732491323053181613282916110110463622922 6.84121e-34
-0.7432918908524302029316241585089040394625440130877230883413356446722846985935655895273743988748934502 0.1312405523087976047708458738159648480193742492666251343726688732491323053181613282916110110463622922 5.87909e-34
-0.7432918908524302029316241585089040394625440130877230883413356446722846985935655895273743988748934502 0.1312405523087976047708458738159648480193742492666251343726688732491323053181613282916110110463622922 5.05229e-34
-0.7432918908524302029316241585089040394625440130877230883413356446722846985935655895273743988748934502 0.1312405523087976047708458738159648480193742492666251343726688732491323053181613282916110110463622922 4.34176e-34
-0.7432918908524302029316241585089040394625440130877230883413356446722846985935655895273743988748934502 0.1312405523087976047708458738159648480193742492666251343726688732491323053181613282916110110463622922 3.73115e-34
-0.7432918908524302029316241585089040394625440130877230883413356446722846985935655895273743988748934502 0.1312405523087976047708458738159648480193742492666251343726688732491323053181613282916110110463622922 3.20642e-34
-0.7432918908524302029316241585089040394625440130877230883413356446722846985935655895273743988748934502 0.1312405523087976047708458738159648480193742492666251343726688732491323053181613282916110110463622922 2.75549e-34
-0.7432918908524302029316241585089040394625440130877230883413356446722846985935655895273743988748934502 0.1312405523087976047708458738159648480193742492666251343726688732491323053181613282916110110463622922 2.36797e-34
-0.7432918908524302029316241585089040394625440130877230883413356446722846985935655895273743988748934502 0.1312405523087976047708458738159648480193742492666251343726688732491323053181613282916110110463622922 2.03495e-34
-0.7432918908524302029316241585089040394625440130877230883413356446722846985935655895273743988748934502 0.1312405523087976047708458738159648480193742492666251343726688732491323053181613282916110110463622922 1.74876e-34
-0.7432918908524302029316241585089040394625440130877230883413356446722846985935655895273743988748934502 0.1312405523087976047708458738159648480193742492666251343726688732491323053181613282916110110463622922 1.50282e-34
-0.7432918908524302029316241585089040394625440130877230883413356446722846985935655895273743988748934502 0.1312405523087976047708458738159648480193742492666251343726688732491323053181613282916110110463622922 1.29147e-34
-0.7432918908524302029316241585089040394625440130877230883413356446722846985935655895273743988748934502 0.1312405523087976047708458738159648480193742492666251343726688732491323053181613282916110110463622922 1.10985e-34
-0.7432918908524302029316241585089040394625440130877230883413356446722846985935655895273743988748934502 0.1312405523087976047708458738159648480193742492666251343726688732491323053181613282916110110463622922 9.53764e-35
-0.7432918908524302029316241585089040394625440130877230883413356446722846985935655895273743988748934502 0.1312405523087976047708458738159648480193742492666251343726688732491323053181613282916110110463622922 8.19631e-35
-0.7432918908524302029316241585089040394625440130877230883413356446722846985935655895273743988748934502 0.1312405523087976047708458738159648480193742492666251343726688732491323053181613282916110110463622922 7.04362e-35
-0.7432918908524302029316241585089040394625440130877230883413356446722846985935655895273743988748934502 0.1312405523087976047708458738159648480193742492666251343726688732491323053181613282916110110463622922 6.05304e-35
-0.7432918908524302029316241585089040394625440130877230883413356446722846985935655895273743988748934502 0.1312405523087976047708458738159648480193742492666251343726688732491323053181613282916110110463622922 5.20177e-35
-0.7432918908524302029316241585089040394625440130877230883413356446722846985935655895273743988748934502 0.1312405523087976047708458738159648480193742492666251343726688732491323053181613282916110110463622922 4.47022e-35
-0.7432918908524302029316241585089040394625440130877230883413356446722846985935655895273743988748934502 0.1312405523087976047708458738159648480193742492666251343726688732491323053181613282916110110463622922 3.84155e-35
-0.7432918908524302029316241585089040394625440130877230883413356446722846985935655895273743988748934502 0.1312405523087976047708458738159648480193742492666251343726688732491323053181613282916110110463622922 3.30129e-35
-0.7432918908524302029316241585089040394625440130877230883413356446722846985935655895273743988748934502 0.1312405523087976047708458738159648480193742492666251343726688732491323053181613282916110110463622922 2.83701e-35
-0.7432918908524302029316241585089040394625440130877230883413356446722846985935655895273743988748934502 0.1312405523087976047708458738159648480193742492666251343726688732491323053181613282916110110463622922 2.43803e-35
-0.7432918908524302029316241585089040394625440130877230883413356446722846985935655895273743988748934502 0.1312405523087976047708458738159648480193742492666251343726688732491323053181613282916110110463622922 2.09515e-35
-0.7432918908524302029316241585089040394625440130877230883413356446722846985935655895273743988748934502 0.1312405523087976047708458738159648480193742492666251343726688732491323053181613282916110110463622922 1.8005e-35
-0.7432918908524302029316241585089040394625440130877230883413356446722846985935655895273743988748934502 0.1312405523087976047708458738159648480193742492666251343726688732491323053181613282916110110463622922 1.54729e-35
-0.7432918908524302029316241585089040394625440130877230883413356446722846985935655895273743988748934502 0.1312405523087976047708458738159648480193742492666251343726688732491323053181613282916110110463622922 1.32968e-35
-0.7432918908524302029316241585089040394625440130877230883413356446722846985935655895273743988748934502 0.1312405523087976047708458738159648480193742492666251343726688732491323053181613282916110110463622922 1.14268e-35
-0.7432918908524302029316241585089040394625440130877230883413356446722846985935655895273743988748934502 0.1312405523087976047708458738159648480193742492666251343726688732491323053181613282916110110463622922 9.81982e-36
-0.7432918908524302029316241585089040394625440130877230883413356446722846985935655895273743988748934502 0.1312405523087976047708458738159648480193742492666251343726688732491323053181613282916110110463622922 8.43881e-36
-0.7432918908524302029316241585089040394625440130877230883413356446722846985935655895273743988748934502 0.1312405523087976047708458738159648480193742492666251343726688732491323053181613282916110110463622922 7.25202e-36
-0.7432918908524302029316241585089040394625440130877230883413356446722846985935655895273743988748934502 0.1312405523087976047708458738159648480193742492666251343726688732491323053181613282916110110463622922 6.23213e-36
-0.7432918908524302029316241585089040394625440130877230883413356446722846985935655895273743988748934502 0.1312405523087976047708458738159648480193742492666251343726688732491323053181613282916110110463622922 5.35567e-36
-0.7432918908524302029316241585089040394625440130877230883413356446722846985935655895273743988748934502 0.1312405523087976047708458738159648480193742492666251343726688732491323053181613282916110110463622922 4.60247e-36
-0.7432918908524302029316241585089040394625440130877230883413356446722846985935655895273743988748934502 0.1312405523087976047708458738159648480193742492666251343726688732491323053181613282916110110463622922 3.9552e-36
-0.7432918908524302029316241585089040394625440130877230883413356446722846985935655895273743988748934502 0.1312405523087976047708458738159648480193742492666251343726688732491323053181613282916110110463622922 3.39896e-36
-0.7432918908524302029316241585089040394625440130877230883413356446722846985935655895273743988748934502 0.1312405523087976047708458738159648480193742492666251343726688732491323053181613282916110110463622922 2.92095e-36
-0.7432918908524302029316241585089040394625440130877230883413356446722846985935655895273743988748934502 0.1312405523087976047708458738159648480193742492666251343726688732491323053181613282916110110463622922 2.51016e-36
-0.7432918908524302029316241585089040394625440130877230883413356446722846985935655895273743988748934502 0.1312405523087976047708458738159648480193742492666251343726688732491323053181613282916110110463622922 2.15714e-36
-0.7432918908524302029316241585089040394625440130877230883413356446722846985935655895273743988748934502 0.1312405523087976047708458738159648480193742492666251343726688732491323053181613282916110110463622922 1.85377e-36
-0.7432918908524302029316241585089040394625440130877230883413356446722846985935655895273743988748934502 0.1312405523087976047708458738159648480193742492666251343726688732491323053181613282916110110463622922 1.59307e-36
-0.7432918908524302029316241585089040394625440130877230883413356446722846985935655895273743988748934502 0.1312405523087976047708458738159648480193742492666251343726688732491323053181613282916110110463622922 1.36903e-36
-0.7432918908524302029316241585089040394625440130877230883413356446722846985935655895273743988748934502 0.1312405523087976047708458738159648480193742492666251343726688732491323053181613282916110110463622922 1.17649e-36
-0.7432918908524302029316241585089040394625440130877230883413356446722846985935655895273743988748934502 0.1312405523087976047708458738159648480193742492666251343726688732491323053181613282916110110463622922 1.01104e-36
-0.7432918908524302029316241585089040394625440130877230883413356446722846985935655895273743988748934502 0.1312405523087976047708458738159648480193742492666251343726688732491323053181613282916110110463622922 8.68849e-37
-0.7432918908524302029316241585089040394625440130877230883413356446722846985935655895273743988748934502 0.1312405523087976047708458738159648480193742492666251343726688732491323053181613282916110110463622922 7.46658e-37
-0.7432918908524302029316241585089040394625440130877230883413356446722846985935655895273743988748934502 0.1312405523087976047708458738159648480193742492666251343726688732491323053181613282916110110463622922 6.41652e-37
-0.7432918908524302029316241585089040394625440130877230883413356446722846985935655895273743988748934502 0.1312405523087976047708458738159648480193742492666251343726688732491323053181613282916110110463622922 5.51413e-37
-0.7432918908524302029316241585089040394625440130877230883413356446722846985935655895273743988748934502 0.1312405523087976047708458738159648480193742492666251343726688732491323053181613282916110110463622922 4.73865e-37
-0.7432918908524302029316241585089040394625440130877230883413356446722846985935655895273743988748934502 0.1312405523087976047708458738159648480193742492666251343726688732491323053181613282916110110463622922 4.07223e-37
-0.7432918908524302029316241585089040394625440130877230883413356446722846985935655895273743988748934502 0.1312405523087976047708458738159648480193742492666251343726688732491323053181613282916110110463622922 3.49953e-37
-0.7432918908524302029316241585089040394625440130877230883413356446722846985935655895273743988748934502 0.1312405523087976047708458738159648480193742492666251343726688732491323053181613282916110110463622922 3.00737e-37
-0.7432918908524302029316241585089040394625440130877230883413356446722846985935655895273743988748934502 0.1312405523087976047708458738159648480193742492666251343726688732491323053181613282916110110463622922 2.58443e-37
-0.7432918908524302029316241585089040394625440130877230883413356446722846985935655895273743988748934502 0.1312405523087976047708458738159648480193742492666251343726688732491323053181613282916110110463622922 2.22097e-37
-0.7432918908524302029316241585089040394625440130877230883413356446722846985935655895273743988748934502 0.1312405523087976047708458738159648480193742492666251343726688732491323053181613282916110110463622922 1.90862e-37
-0.7432918908524302029316241585089040394625440130877230883413356446722846985935655895273743988748934502 0.1312405523087976047708458738159648480193742492666251343726688732491323053181613282916110110463622922 1.6402e-37
-0.7432918908524302029316241585089040394625440130877230883413356446722846985935655895273743988748934502 0.1312405523087976047708458738159648480193742492666251343726688732491323053181613282916110110463622922 1.40953e-37
-0.7432918908524302029316241585089040394625440130877230883413356446722846985935655895273743988748934502 0.1312405523087976047708458738159648480193742492666251343726688732491323053181613282916110110463622922 1.2113e-37
-0.7432918908524302029316241585089040394625440130877230883413356446722846985935655895273743988748934502 0.1312405523087976047708458738159648480193742492666251343726688732491323053181613282916110110463622922 1.04095e-37
-0.7432918908524302029316241585089040394625440130877230883413356446722846985935655895273743988748934502 0.1312405523087976047708458738159648480193742492666251343726688732491323053181613282916110110463622922 8.94555e-38
-0.7432918908524302029316241585089040394625440130877230883413356446722846985935655895273743988748934502 0.1312405523087976047708458738159648480193742492666251343726688732491323053181613282916110110463622922 7.68749e-38
-0.7432918908524302029316241585089040394625440130877230883413356446722846985935655895273743988748934502 0.1312405523087976047708458738159648480193742492666251343726688732491323053181613282916110110463622922 6.60636e-38
-0.7432918908524302029316241585089040394625440130877230883413356446722846985935655895273743988748934502 0.1312405523087976047708458738159648480193742492666251343726688732491323053181613282916110110463622922 5.67727e-38
-0.7432918908524302029316241585089040394625440130877230883413356446722846985935655895273743988748934502 0.1312405523087976047708458738159648480193742492666251343726688732491323053181613282916110110463622922 4.87885e-38
-0.7432918908524302029316241585089040394625440130877230883413356446722846985935655895273743988748934502 0.1312405523087976047708458738159648480193742492666251343726688732491323053181613282916110110463622922 4.19271e-38
-0.7432918908524302029316241585089040394625440130877230883413356446722846985935655895273743988748934502 0.1312405523087976047708458738159648480193742492666251343726688732491323053181613282916110110463622922 3.60307e-38
-0.7432918908524302029316241585089040394625440130877230883413356446722846985935655895273743988748934502 0.1312405523087976047708458738159648480193742492666251343726688732491323053181613282916110110463622922 3.09635e-38
-0.7432918908524302029316241585089040394625440130877230883413356446722846985935655895273743988748934502 0.1312405523087976047708458738159648480193742492666251343726688732491323053181613282916110110463622922 2.66089e-38
-0.7432918908524302029316241585089040394625440130877230883413356446722846985935655895273743988748934502 0.1312405523087976047708458738159648480193742492666251343726688732491323053181613282916110110463622922 2.28668e-38
-0.7432918908524302029316241585089040394625440130877230883413356446722846985935655895273743988748934502 0.1312405523087976047708458738159648480193742492666251343726688732491323053181613282916110110463622922 1.96509e-38
-0.7432918908524302029316241585089040394625440130877230883413356446722846985935655895273743988748934502 0.1312405523087976047708458738159648480193742492666251343726688732491323053181613282916110110463622922 1.68873e-38
-0.7432918908524302029316241585089040394625440130877230883413356446722846985935655895273743988748934502 0.1312405523087976047708458738159648480193742492666251343726688732491323053181613282916110110463622922 1.45123e-38
-0.7432918908524302029316241585089040394625440130877230883413356446722846985935655895273743988748934502 0.1312405523087976047708458738159648480193742492666251343726688732491323053181613282916110110463622922 1.24714e-38
-0.7432918908524302029316241585089040394625440130877230883413356446722846985935655895273743988748934502 0.1312405523087976047708458738159648480193742492666251343726688732491323053181613282916110110463622922 1.07175e-38
-0.7432918908524302029316241585089040394625440130877230883413356446722846985935655895273743988748934502 0.1312405523087976047708458738159648480193742492666251343726688732491323053181613282916110110463622922 9.21022e-39
-0.7432918908524302029316241585089040394625440130877230883413356446722846985935655895273743988748934502 0.1312405523087976047708458738159648480193742492666251343726688732491323053181613282916110110463622922 7.91494e-39
-0.7432918908524302029316241585089040394625440130877230883413356446722846985935655895273743988748934502 0.1312405523087976047708458738159648480193742492666251343726688732491323053181613282916110110463622922 6.80182e-39
-0.7432918908524302029316241585089040394625440130877230883413356446722846985935655895273743988748934502 0.1312405523087976047708458738159648480193742492666251343726688732491323053181613282916110110463622922 5.84524e-39
-0.7432918908524302029316241585089040394625440130877230883413356446722846985935655895273743988748934502 0.1312405523087976047708458738159648480193742492666251343726688732491323053181613282916110110463622922 5.0232e-39
-0.7432918908524302029316241585089040394625440130877230883413356446722846985935655895273743988748934502 0.1312405523087976047708458738159648480193742492666251343726688732491323053181613282916110110463622922 4.31676e-39
-0.7432918908524302029316241585089040394625440130877230883413356446722846985935655895273743988748934502 0.1312405523087976047708458738159648480193742492666251343726688732491323053181613282916110110463622922 3.70967e-39
-0.7432918908524302029316241585089040394625440130877230883413356446722846985935655895273743988748934502 0.1312405523087976047708458738159648480193742492666251343726688732491323053181613282916110110463622922 3.18796e-39
-0.7432918908524302029316241585089040394625440130877230883413356446722846985935655895273743988748934502 0.1312405523087976047708458738159648480193742492666251343726688732491323053181613282916110110463622922 2.73962e-39
-0.7432918908524302029316241585089040394625440130877230883413356446722846985935655895273743988748934502 0.1312405523087976047708458738159648480193742492666251343726688732491323053181613282916110110463622922 2.35433e-39
-0.7432918908524302029316241585089040394625440130877230883413356446722846985935655895273743988748934502 0.1312405523087976047708458738159648480193742492666251343726688732491323053181613282916110110463622922 2.02323e-39
-0.7432918908524302029316241585089040394625440130877230883413356446722846985935655895273743988748934502 0.1312405523087976047708458738159648480193742492666251343726688732491323053181613282916110110463622922 1.73869e-39
-0.7432918908524302029316241585089040394625440130877230883413356446722846985935655895273743988748934502 0.1312405523087976047708458738159648480193742492666251343726688732491323053181613282916110110463622922 1.49417e-39
-0.7432918908524302029316241585089040394625440130877230883413356446722846985935655895273743988748934502 0.1312405523087976047708458738159648480193742492666251343726688732491323053181613282916110110463622922 1.28404e-39
-0.7432918908524302029316241585089040394625440130877230883413356446722846985935655895273743988748934502 0.1312405523087976047708458738159648480193742492666251343726688732491323053181613282916110110463622922 1.10346e-39
-0.7432918908524302029316241585089040394625440130877230883413356446722846985935655895273743988748934502 0.1312405523087976047708458738159648480193742492666251343726688732491323053181613282916110110463622922 9.48272e-40
-0.7432918908524302029316241585089040394625440130877230883413356446722846985935655895273743988748934502 0.1312405523087976047708458738159648480193742492666251343726688732491323053181613282916110110463622922 8.14912e-40
-0.7432918908524302029316241585089040394625440130877230883413356446722846985935655895273743988748934502 0.1312405523087976047708458738159648480193742492666251343726688732491323053181613282916110110463622922 7.00306e-40
-0.7432918908524302029316241585089040394625440130877230883413356446722846985935655895273743988748934502 0.1312405523087976047708458738159648480193742492666251343726688732491323053181613282916110110463622922 6.01819e-40
-0.7432918908524302029316241585089040394625440130877230883413356446722846985935655895273743988748934502 0.1312405523087976047708458738159648480193742492666251343726688732491323053181613282916110110463622922 5.17182e-40
-0.7432918908524302029316241585089040394625440130877230883413356446722846985935655895273743988748934502 0.1312405523087976047708458738159648480193742492666251343726688732491323053181613282916110110463622922 4.44448e-40
-0.7432918908524302029316241585089040394625440130877230883413356446722846985935655895273743988748934502 0.1312405523087976047708458738159648480193742492666251343726688732491323053181613282916110110463622922 3.81943e-40
-0.7432918908524302029316241585089040394625440130877230883413356446722846985935655895273743988748934502 0.1312405523087976047708458738159648480193742492666251343726688732491323053181613282916110110463622922 3.28228e-40
-0.7432918908524302029316241585089040394625440130877230883413356446722846985935655895273743988748934502 0.1312405523087976047708458738159648480193742492666251343726688732491323053181613282916110110463622922 2.82068e-40
-0.7432918908524302029316241585089040394625440130877230883413356446722846985935655895273743988748934502 0.1312405523087976047708458738159648480193742492666251343726688732491323053181613282916110110463622922 2.42399e-40
-0.7432918908524302029316241585089040394625440130877230883413356446722846985935655895273743988748934502 0.1312405523087976047708458738159648480193742492666251343726688732491323053181613282916110110463622922 2.08309e-40
-0.7432918908524302029316241585089040394625440130877230883413356446722846985935655895273743988748934502 0.1312405523087976047708458738159648480193742492666251343726688732491323053181613282916110110463622922 1.79014e-40
-0.7432918908524302029316241585089040394625440130877230883413356446722846985935655895273743988748934502 0.1312405523087976047708458738159648480193742492666251343726688732491323053181613282916110110463622922 1.53838e-40
-0.7432918908524302029316241585089040394625440130877230883413356446722846985935655895273743988748934502 0.1312405523087976047708458738159648480193742492666251343726688732491323053181613282916110110463622922 1.32203e-40
-0.7432918908524302029316241585089040394625440130877230883413356446722846985935655895273743988748934502 0.1312405523087976047708458738159648480193742492666251343726688732491323053181613282916110110463622922 1.13611e-40
-0.7432918908524302029316241585089040394625440130877230883413356446722846985935655895273743988748934502 0.1312405523087976047708458738159648480193742492666251343726688732491323053181613282916110110463622922 9.76329e-41
-0.7432918908524302029316241585089040394625440130877230883413356446722846985935655895273743988748934502 0.1312405523087976047708458738159648480193742492666251343726688732491323053181613282916110110463622922 8.39022e-41
-0.7432918908524302029316241585089040394625440130877230883413356446722846985935655895273743988748934502 0.1312405523087976047708458738159648480193742492666251343726688732491323053181613282916110110463622922 7.21026e-41
-0.7432918908524302029316241585089040394625440130877230883413356446722846985935655895273743988748934502 0.1312405523087976047708458738159648480193742492666251343726688732491323053181613282916110110463622922 6.19625e-41
-0.7432918908524302029316241585089040394625440130877230883413356446722846985935655895273743988748934502 0.1312405523087976047708458738159648480193742492666251343726688732491323053181613282916110110463622922 5.32483e-41
-0.7432918908524302029316241585089040394625440130877230883413356446722846985935655895273743988748934502 0.1312405523087976047708458738159648480193742492666251343726688732491323053181613282916110110463622922 4.57598e-41
-0.7432918908524302029316241585089040394625440130877230883413356446722846985935655895273743988748934502 0.1312405523087976047708458738159648480193742492666251343726688732491323053181613282916110110463622922 3.93243e-41
-0.7432918908524302029316241585089040394625440130877230883413356446722846985935655895273743988748934502 0.1312405523087976047708458738159648480193742492666251343726688732491323053181613282916110110463622922 3.37939e-41
-0.7432918908524302029316241585089040394625440130877230883413356446722846985935655895273743988748934502 0.1312405523087976047708458738159648480193742492666251343726688732491323053181613282916110110463622922 2.90413e-41
-0.7432918908524302029316241585089040394625440130877230883413356446722846985935655895273743988748934502 0.1312405523087976047708458738159648480193742492666251343726688732491323053181613282916110110463622922 2.49571e-41
-0.7432918908524302029316241585089040394625440130877230883413356446722846985935655895273743988748934502 0.1312405523087976047708458738159648480193742492666251343726688732491323053181613282916110110463622922 2.14472e-41
-0.7432918908524302029316241585089040394625440130877230883413356446722846985935655895273743988748934502 0.1312405523087976047708458738159648480193742492666251343726688732491323053181613282916110110463622922 1.8431e-41
-0.7432918908524302029316241585089040394625440130877230883413356446722846985935655895273743988748934502 0.1312405523087976047708458738159648480193742492666251343726688732491323053181613282916110110463622922 1.5839e-41
-0.7432918908524302029316241585089040394625440130877230883413356446722846985935655895273743988748934502 0.1312405523087976047708458738159648480193742492666251343726688732491323053181613282916110110463622922 1.36114e-41
-0.7432918908524302029316241585089040394625440130877230883413356446722846985935655895273743988748934502 0.1312405523087976047708458738159648480193742492666251343726688732491323053181613282916110110463622922 1.16972e-41
-0.7432918908524302029316241585089040394625440130877230883413356446722846985935655895273743988748934502 0.1312405523087976047708458738159648480193742492666251343726688732491323053181613282916110110463622922 1.00522e-41
-0.7432918908524302029316241585089040394625440130877230883413356446722846985935655895273743988748934502 0.1312405523087976047708458738159648480193742492666251343726688732491323053181613282916110110463622922 8.63846e-42
-0.7432918908524302029316241585089040394625440130877230883413356446722846985935655895273743988748934502 0.1312405523087976047708458738159648480193742492666251343726688732491323053181613282916110110463622922 7.42359e-42
-0.7432918908524302029316241585089040394625440130877230883413356446722846985935655895273743988748934502 0.1312405523087976047708458738159648480193742492666251343726688732491323053181613282916110110463622922 6.37957e-42
-0.7432918908524302029316241585089040394625440130877230883413356446722846985935655895273743988748934502 0.1312405523087976047708458738159648480193742492666251343726688732491323053181613282916110110463622922 5.48238e-42
-0.7432918908524302029316241585089040394625440130877230883413356446722846985935655895273743988748934502 0.1312405523087976047708458738159648480193742492666251343726688732491323053181613282916110110463622922 4.71136e-42
-0.7432918908524302029316241585089040394625440130877230883413356446722846985935655895273743988748934502 0.1312405523087976047708458738159648480193742492666251343726688732491323053181613282916110110463622922 4.04878e-42
-0.7432918908524302029316241585089040394625440130877230883413356446722846985935655895273743988748934502 0.1312405523087976047708458738159648480193742492666251343726688732491323053181613282916110110463622922 3.47938e-42
-0.7432918908524302029316241585089040394625440130877230883413356446722846985935655895273743988748934502 0.1312405523087976047708458738159648480193742492666251343726688732491323053181613282916110110463622922 2.99006e-42
-0.7432918908524302029316241585089040394625440130877230883413356446722846985935655895273743988748934502 0.1312405523087976047708458738159648480193742492666251343726688732491323053181613282916110110463622922 2.56955e-42
-0.7432918908524302029316241585089040394625440130877230883413356446722846985935655895273743988748934502 0.1312405523087976047708458738159648480193742492666251343726688732491323053181613282916110110463622922 2.20818e-42
-0.7432918908524302029316241585089040394625440130877230883413356446722846985935655895273743988748934502 0.1312405523087976047708458738159648480193742492666251343726688732491323053181613282916110110463622922 1.89763e-42
-0.7432918908524302029316241585089040394625440130877230883413356446722846985935655895273743988748934502 0.1312405523087976047708458738159648480193742492666251343726688732491323053181613282916110110463622922 1.63076e-42
-0.7432918908524302029316241585089040394625440130877230883413356446722846985935655895273743988748934502 0.1312405523087976047708458738159648480193742492666251343726688732491323053181613282916110110463622922 1.40142e-42
-0.7432918908524302029316241585089040394625440130877230883413356446722846985935655895273743988748934502 0.1312405523087976047708458738159648480193742492666251343726688732491323053181613282916110110463622922 1.20433e-42
-0.7432918908524302029316241585089040394625440130877230883413356446722846985935655895273743988748934502 0.1312405523087976047708458738159648480193742492666251343726688732491323053181613282916110110463622922 1.03496e-42
-0.7432918908524302029316241585089040394625440130877230883413356446722846985935655895273743988748934502 0.1312405523087976047708458738159648480193742492666251343726688732491323053181613282916110110463622922 8.89405e-43
-0.7432918908524302029316241585089040394625440130877230883413356446722846985935655895273743988748934502 0.1312405523087976047708458738159648480193742492666251343726688732491323053181613282916110110463622922 7.64323e-43
-0.7432918908524302029316241585089040394625440130877230883413356446722846985935655895273743988748934502 0.1312405523087976047708458738159648480193742492666251343726688732491323053181613282916110110463622922 6.56832e-43
-0.7432918908524302029316241585089040394625440130877230883413356446722846985935655895273743988748934502 0.1312405523087976047708458738159648480193742492666251343726688732491323053181613282916110110463622922 5.64459e-43
-0.7432918908524302029316241585089040394625440130877230883413356446722846985935655895273743988748934502 0.1312405523087976047708458738159648480193742492666251343726688732491323053181613282916110110463622922 4.85076e-43
-0.7432918908524302029316241585089040394625440130877230883413356446722846985935655895273743988748934502 0.1312405523087976047708458738159648480193742492666251343726688732491323053181613282916110110463622922 4.16857e-43
-0.7432918908524302029316241585089040394625440130877230883413356446722846985935655895273743988748934502 0.1312405523087976047708458738159648480193742492666251343726688732491323053181613282916110110463622922 3.58232e-43
-0.7432918908524302029316241585089040394625440130877230883413356446722846985935655895273743988748934502 0.1312405523087976047708458738159648480193742492666251343726688732491323053181613282916110110463622922 3.07852e-43
-0.7432918908524302029316241585089040394625440130877230883413356446722846985935655895273743988748934502 0.1312405523087976047708458738159648480193742492666251343726688732491323053181613282916110110463622922 2.64557e-43
-0.7432918908524302029316241585089040394625440130877230883413356446722846985935655895273743988748934502 0.1312405523087976047708458738159648480193742492666251343726688732491323053181613282916110110463622922 2.27351e-43
-0.7432918908524302029316241585089040394625440130877230883413356446722846985935655895273743988748934502 0.1312405523087976047708458738159648480193742492666251343726688732491323053181613282916110110463622922 1.95378e-43
-0.7432918908524302029316241585089040394625440130877230883413356446722846985935655895273743988748934502 0.1312405523087976047708458738159648480193742492666251343726688732491323053181613282916110110463622922 1.67901e-43
-0.7432918908524302029316241585089040394625440130877230883413356446722846985935655895273743988748934502 0.1312405523087976047708458738159648480193742492666251343726688732491323053181613282916110110463622922 1.44288e-43
-0.7432918908524302029316241585089040394625440130877230883413356446722846985935655895273743988748934502 0.1312405523087976047708458738159648480193742492666251343726688732491323053181613282916110110463622922 1.23996e-43
-0.7432918908524302029316241585089040394625440130877230883413356446722846985935655895273743988748934502 0.1312405523087976047708458738159648480193742492666251343726688732491323053181613282916110110463622922 1.06558e-43
-0.7432918908524302029316241585089040394625440130877230883413356446722846985935655895273743988748934502 0.1312405523087976047708458738159648480193742492666251343726688732491323053181613282916110110463622922 9.15719e-44
-0.7432918908524302029316241585089040394625440130877230883413356446722846985935655895273743988748934502 0.1312405523087976047708458738159648480193742492666251343726688732491323053181613282916110110463622922 7.86937e-44
-0.7432918908524302029316241585089040394625440130877230883413356446722846985935655895273743988748934502 0.1312405523087976047708458738159648480193742492666251343726688732491323053181613282916110110463622922 6.76266e-44
-0.7432918908524302029316241585089040394625440130877230883413356446722846985935655895273743988748934502 0.1312405523087976047708458738159648480193742492666251343726688732491323053181613282916110110463622922 5.81159e-44
-0.7432918908524302029316241585089040394625440130877230883413356446722846985935655895273743988748934502 0.1312405523087976047708458738159648480193742492666251343726688732491323053181613282916110110463622922 4.99428e-44
-0.7432918908524302029316241585089040394625440130877230883413356446722846985935655895273743988748934502 0.1312405523087976047708458738159648480193742492666251343726688732491323053181613282916110110463622922 4.2919e-44
-0.7432918908524302029316241585089040394625440130877230883413356446722846985935655895273743988748934502 0.1312405523087976047708458738159648480193742492666251343726688732491323053181613282916110110463622922 3.68831e-44
-0.7432918908524302029316241585089040394625440130877230883413356446722846985935655895273743988748934502 0.1312405523087976047708458738159648480193742492666251343726688732491323053181613282916110110463622922 3.1696e-44
-0.7432918908524302029316241585089040394625440130877230883413356446722846985935655895273743988748934502 0.1312405523087976047708458738159648480193742492666251343726688732491323053181613282916110110463622922 2.72385e-44
-0.7432918908524302029316241585089040394625440130877230883413356446722846985935655895273743988748934502 0.1312405523087976047708458738159648480193742492666251343726688732491323053181613282916110110463622922 2.34078e-44
-0.7432918908524302029316241585089040394625440130877230883413356446722846985935655895273743988748934502 0.1312405523087976047708458738159648480193742492666251343726688732491323053181613282916110110463622922 2.01158e-44
-0.7432918908524302029316241585089040394625440130877230883413356446722846985935655895273743988748934502 0.1312405523087976047708458738159648480193742492666251343726688732491323053181613282916110110463622922 1.72868e-44
-0.7432918908524302029316241585089040394625440130877230883413356446722846985935655895273743988748934502 0.1312405523087976047708458738159648480193742492666251343726688732491323053181613282916110110463622922 1.48557e-44
-0.7432918908524302029316241585089040394625440130877230883413356446722846985935655895273743988748934502 0.1312405523087976047708458738159648480193742492666251343726688732491323053181613282916110110463622922 1.27665e-44
-0.7432918908524302029316241585089040394625440130877230883413356446722846985935655895273743988748934502 0.1312405523087976047708458738159648480193742492666251343726688732491323053181613282916110110463622922 1.0971e-44
-0.7432918908524302029316241585089040394625440130877230883413356446722846985935655895273743988748934502 0.1312405523087976047708458738159648480193742492666251343726688732491323053181613282916110110463622922 9.42813e-45
-0.7432918908524302029316241585089040394625440130877230883413356446722846985935655895273743988748934502 0.1312405523087976047708458738159648480193742492666251343726688732491323053181613282916110110463622922 8.1022e-45
-0.7432918908524302029316241585089040394625440130877230883413356446722846985935655895273743988748934502 0.1312405523087976047708458738159648480193742492666251343726688732491323053181613282916110110463622922 6.96274e-45
-0.7432918908524302029316241585089040394625440130877230883413356446722846985935655895273743988748934502 0.1312405523087976047708458738159648480193742492666251343726688732491323053181613282916110110463622922 5.98354e-45
-0.7432918908524302029316241585089040394625440130877230883413356446722846985935655895273743988748934502 0.1312405523087976047708458738159648480193742492666251343726688732491323053181613282916110110463622922 5.14204e-45
-0.7432918908524302029316241585089040394625440130877230883413356446722846985935655895273743988748934502 0.1312405523087976047708458738159648480193742492666251343726688732491323053181613282916110110463622922 4.41889e-45
-0.7432918908524302029316241585089040394625440130877230883413356446722846985935655895273743988748934502 0.1312405523087976047708458738159648480193742492666251343726688732491323053181613282916110110463622922 3.79744e-45
-0.7432918908524302029316241585089040394625440130877230883413356446722846985935655895273743988748934502 0.1312405523087976047708458738159648480193742492666251343726688732491323053181613282916110110463622922 3.26338e-45
-0.7432918908524302029316241585089040394625440130877230883413356446722846985935655895273743988748934502 0.1312405523087976047708458738159648480193742492666251343726688732491323053181613282916110110463622922 2.80444e-45
-0.7432918908524302029316241585089040394625440130877230883413356446722846985935655895273743988748934502 0.1312405523087976047708458738159648480193742492666251343726688732491323053181613282916110110463622922 2.41003e-45
-0.7432918908524302029316241585089040394625440130877230883413356446722846985935655895273743988748934502 0.1312405523087976047708458738159648480193742492666251343726688732491323053181613282916110110463622922 2.0711e-45
-0.7432918908524302029316241585089040394625440130877230883413356446722846985935655895273743988748934502 0.1312405523087976047708458738159648480193742492666251343726688732491323053181613282916110110463622922 1.77983e-45
-0.7432918908524302029316241585089040394625440130877230883413356446722846985935655895273743988748934502 0.1312405523087976047708458738159648480193742492666251343726688732491323053181613282916110110463622922 1.52952e-45
-0.7432918908524302029316241585089040394625440130877230883413356446722846985935655895273743988748934502 0.1312405523087976047708458738159648480193742492666251343726688732491323053181613282916110110463622922 1.31442e-45
-0.7432918908524302029316241585089040394625440130877230883413356446722846985935655895273743988748934502 0.1312405523087976047708458738159648480193742492666251343726688732491323053181613282916110110463622922 1.12956e-45
-0.7432918908524302029316241585089040394625440130877230883413356446722846985935655895273743988748934502 0.1312405523087976047708458738159648480193742492666251343726688732491323053181613282916110110463622922 9.70707e-46
-0.7432918908524302029316241585089040394625440130877230883413356446722846985935655895273743988748934502 0.1312405523087976047708458738159648480193742492666251343726688732491323053181613282916110110463622922 8.34192e-46
-0.7432918908524302029316241585089040394625440130877230883413356446722846985935655895273743988748934502 0.1312405523087976047708458738159648480193742492666251343726688732491323053181613282916110110463622922 7.16875e-46
-0.7432918908524302029316241585089040394625440130877230883413356446722846985935655895273743988748934502 0.1312405523087976047708458738159648480193742492666251343726688732491323053181613282916110110463622922 6.16057e-46
-0.7432918908524302029316241585089040394625440130877230883413356446722846985935655895273743988748934502 0.1312405523087976047708458738159648480193742492666251343726688732491323053181613282916110110463622922 5.29418e-46
-0.7432918908524302029316241585089040394625440130877230883413356446722846985935655895273743988748934502 0.1312405523087976047708458738159648480193742492666251343726688732491323053181613282916110110463622922 4.54963e-46
-0.7432918908524302029316241585089040394625440130877230883413356446722846985935655895273743988748934502 0.1312405523087976047708458738159648480193742492666251343726688732491323053181613282916110110463622922 3.90979e-46
-0.7432918908524302029316241585089040394625440130877230883413356446722846985935655895273743988748934502 0.1312405523087976047708458738159648480193742492666251343726688732491323053181613282916110110463622922 3.35994e-46
-0.7432918908524302029316241585089040394625440130877230883413356446722846985935655895273743988748934502 0.1312405523087976047708458738159648480193742492666251343726688732491323053181613282916110110463622922 2.88741e-46
-0.7432918908524302029316241585089040394625440130877230883413356446722846985935655895273743988748934502 0.1312405523087976047708458738159648480193742492666251343726688732491323053181613282916110110463622922 2.48134e-46
-0.7432918908524302029316241585089040394625440130877230883413356446722846985935655895273743988748934502 0.1312405523087976047708458738159648480193742492666251343726688732491323053181613282916110110463622922 2.13238e-46
-0.7432918908524302029316241585089040394625440130877230883413356446722846985935655895273743988748934502 0.1312405523087976047708458738159648480193742492666251343726688732491323053181613282916110110463622922 1.83249e-46
-0.7432918908524302029316241585089040394625440130877230883413356446722846985935655895273743988748934502 0.1312405523087976047708458738159648480193742492666251343726688732491323053181613282916110110463622922 1.57478e-46
-0.7432918908524302029316241585089040394625440130877230883413356446722846985935655895273743988748934502 0.1312405523087976047708458738159648480193742492666251343726688732491323053181613282916110110463622922 1.35331e-46
-0.7432918908524302029316241585089040394625440130877230883413356446722846985935655895273743988748934502 0.1312405523087976047708458738159648480193742492666251343726688732491323053181613282916110110463622922 1.16298e-46
-0.7432918908524302029316241585089040394625440130877230883413356446722846985935655895273743988748934502 0.1312405523087976047708458738159648480193742492666251343726688732491323053181613282916110110463622922 9.99427e-47
-0.7432918908524302029316241585089040394625440130877230883413356446722846985935655895273743988748934502 0.1312405523087976047708458738159648480193742492666251343726688732491323053181613282916110110463622922 8.58873e-47
-0.7432918908524302029316241585089040394625440130877230883413356446722846985935655895273743988748934502 0.1312405523087976047708458738159648480193742492666251343726688732491323053181613282916110110463622922 7.38085e-47
-0.7432918908524302029316241585089040394625440130877230883413356446722846985935655895273743988748934502 0.1312405523087976047708458738159648480193742492666251343726688732491323053181613282916110110463622922 6.34284e-47
-0.7432918908524302029316241585089040394625440130877230883413356446722846985935655895273743988748934502 0.1312405523087976047708458738159648480193742492666251343726688732491323053181613282916110110463622922 5.45081e-47
-0.7432918908524302029316241585089040394625440130877230883413356446722846985935655895273743988748934502 0.1312405523087976047708458738159648480193742492666251343726688732491323053181613282916110110463622922 4.68424e-47
-0.7432918908524302029316241585089040394625440130877230883413356446722846985935655895273743988748934502 0.1312405523087976047708458738159648480193742492666251343726688732491323053181613282916110110463622922 4.02547e-47
-0.7432918908524302029316241585089040394625440130877230883413356446722846985935655895273743988748934502 0.1312405523087976047708458738159648480193742492666251343726688732491323053181613282916110110463622922 3.45935e-47
-0.7432918908524302029316241585089040394625440130877230883413356446722846985935655895273743988748934502 0.1312405523087976047708458738159648480193742492666251343726688732491323053181613282916110110463622922 2.97284e-47
-0.7432918908524302029316241585089040394625440130877230883413356446722846985935655895273743988748934502 0.1312405523087976047708458738159648480193742492666251343726688732491323053181613282916110110463622922 2.55475e-47
-0.7432918908524302029316241585089040394625440130877230883413356446722846985935655895273743988748934502 0.1312405523087976047708458738159648480193742492666251343726688732491323053181613282916110110463622922 2.19547e-47
-0.7432918908524302029316241585089040394625440130877230883413356446722846985935655895273743988748934502 0.1312405523087976047708458738159648480193742492666251343726688732491323053181613282916110110463622922 1.88671e-47
-0.7432918908524302029316241585089040394625440130877230883413356446722846985935655895273743988748934502 0.1312405523087976047708458738159648480193742492666251343726688732491323053181613282916110110463622922 1.62137e-47
-0.7432918908524302029316241585089040394625440130877230883413356446722846985935655895273743988748934502 0.1312405523087976047708458738159648480193742492666251343726688732491323053181613282916110110463622922 1.39335e-47
-0.7432918908524302029316241585089040394625440130877230883413356446722846985935655895273743988748934502 0.1312405523087976047708458738159648480193742492666251343726688732491323053181613282916110110463622922 1.19739e-47
-0.7432918908524302029316241585089040394625440130877230883413356446722846985935655895273743988748934502 0.1312405523087976047708458738159648480193742492666251343726688732491323053181613282916110110463622922 1.029e-47
-0.7432918908524302029316241585089040394625440130877230883413356446722846985935655895273743988748934502 0.1312405523087976047708458738159648480193742492666251343726688732491323053181613282916110110463622922 8.84284e-48
-0.7432918908524302029316241585089040394625440130877230883413356446722846985935655895273743988748934502 0.1312405523087976047708458738159648480193742492666251343726688732491323053181613282916110110463622922 7.59922e-48
-0.7432918908524302029316241585089040394625440130877230883413356446722846985935655895273743988748934502 0.1312405523087976047708458738159648480193742492666251343726688732491323053181613282916110110463622922 6.53051e-48
-0.7432918908524302029316241585089040394625440130877230883413356446722846985935655895273743988748934502 0.1312405523087976047708458738159648480193742492666251343726688732491323053181613282916110110463622922 5.61209e-48
-0.7432918908524302029316241585089040394625440130877230883413356446722846985935655895273743988748934502 0.1312405523087976047708458738159648480193742492666251343726688732491323053181613282916110110463622922 4.82283e-48
-0.7432918908524302029316241585089040394625440130877230883413356446722846985935655895273743988748934502 0.1312405523087976047708458738159648480193742492666251343726688732491323053181613282916110110463622922 4.14457e-48
-0.7432918908524302029316241585089040394625440130877230883413356446722846985935655895273743988748934502 0.1312405523087976047708458738159648480193742492666251343726688732491323053181613282916110110463622922 3.5617e-48
-0.7432918908524302029316241585089040394625440130877230883413356446722846985935655895273743988748934502 0.1312405523087976047708458738159648480193742492666251343726688732491323053181613282916110110463622922 3.0608e-48
-0.7432918908524302029316241585089040394625440130877230883413356446722846985935655895273743988748934502 0.1312405523087976047708458738159648480193742492666251343726688732491323053181613282916110110463622922 2.63034e-48
-0.7432918908524302029316241585089040394625440130877230883413356446722846985935655895273743988748934502 0.1312405523087976047708458738159648480193742492666251343726688732491323053181613282916110110463622922 2.26042e-48
-0.7432918908524302029316241585089040394625440130877230883413356446722846985935655895273743988748934502 0.1312405523087976047708458738159648480193742492666251343726688732491323053181613282916110110463622922 1.94253e-48
-0.7432918908524302029316241585089040394625440130877230883413356446722846985935655895273743988748934502 0.1312405523087976047708458738159648480193742492666251343726688732491323053181613282916110110463622922 1.66934e-48
-0.7432918908524302029316241585089040394625440130877230883413356446722846985935655895273743988748934502 0.1312405523087976047708458738159648480193742492666251343726688732491323053181613282916110110463622922 1.43457e-48
-0.7432918908524302029316241585089040394625440130877230883413356446722846985935655895273743988748934502 0.1312405523087976047708458738159648480193742492666251343726688732491323053181613282916110110463622922 1.23282e-48
-0.7432918908524302029316241585089040394625440130877230883413356446722846985935655895273743988748934502 0.1312405523087976047708458738159648480193742492666251343726688732491323053181613282916110110463622922 1.05944e-48
-0.7432918908524302029316241585089040394625440130877230883413356446722846985935655895273743988748934502 0.1312405523087976047708458738159648480193742492666251343726688732491323053181613282916110110463622922 9.10447e-49
-0.7432918908524302029316241585089040394625440130877230883413356446722846985935655895273743988748934502 0.1312405523087976047708458738159648480193742492666251343726688732491323053181613282916110110463622922 7.82406e-49
-0.7432918908524302029316241585089040394625440130877230883413356446722846985935655895273743988748934502 0.1312405523087976047708458738159648480193742492666251343726688732491323053181613282916110110463622922 6.72372e-49
-0.7432918908524302029316241585089040394625440130877230883413356446722846985935655895273743988748934502 0.1312405523087976047708458738159648480193742492666251343726688732491323053181613282916110110463622922 5.77813e-49
-0.7432918908524302029316241585089040394625440130877230883413356446722846985935655895273743988748934502 0.1312405523087976047708458738159648480193742492666251343726688732491323053181613282916110110463622922 4.96552e-49
-0.7432918908524302029316241585089040394625440130877230883413356446722846985935655895273743988748934502 0.1312405523087976047708458738159648480193742492666251343726688732491323053181613282916110110463622922 4.26719e-49
-0.7432918908524302029316241585089040394625440130877230883413356446722846985935655895273743988748934502 0.1312405523087976047708458738159648480193742492666251343726688732491323053181613282916110110463622922 3.66708e-49
-0.7432918908524302029316241585089040394625440130877230883413356446722846985935655895273743988748934502 0.1312405523087976047708458738159648480193742492666251343726688732491323053181613282916110110463622922 3.15136e-49
-0.7432918908524302029316241585089040394625440130877230883413356446722846985935655895273743988748934502 0.1312405523087976047708458738159648480193742492666251343726688732491323053181613282916110110463622922 2.70816e-49
-0.7432918908524302029316241585089040394625440130877230883413356446722846985935655895273743988748934502 0.1312405523087976047708458738159648480193742492666251343726688732491323053181613282916110110463622922 2.3273e-49
-0.7432918908524302029316241585089040394625440130877230883413356446722846985935655895273743988748934502 0.1312405523087976047708458738159648480193742492666251343726688732491323053181613282916110110463622922 2e-49
